run	case	corpus	engine	variant	repeats	load_average_1m	wall_s	peak_rss_mb	status	rows	reference_rows	rows_equal	order_equal	metric	value	note
store	ancestor	small	ryii	scmpp	1	7.84	2.330	148.000	ok							
store	resolve	small	ryii	resolve	1	7.84	1.610	232.000	ok							
store	ancestor	crates	ryii	scmpp	1	9.29	8.660	263.000	ok							
store	resolve	crates	ryii	resolve	1	8.49	5.020	478.000	ok							
L1	ancestor	small	sqlite	query	3	8.12	0.450	17.000	ok	40467	40467	reference	reference			
L1	ancestor	small	duckdb	attach_query	3	8.12	3.430	91.000	ok	40467	40467	yes	yes			
L1	ancestor	small	duckdb	copy_load	1	8.20	0.510	139.000	ok							
L1	ancestor	small	duckdb	copy_query	3	8.20	0.040	94.000	ok	40467	40467	yes	yes			
L1	ancestor	small	duckdb	parquet_load	1	8.20	0.490	128.000	ok							
L1	ancestor	small	duckdb	parquet_query	3	8.20	0.100	162.000	ok	40467	40467	yes	yes			
L1	ancestor	crates	sqlite	query	3	8.20	2.000	43.000	ok	131834	131834	reference	reference			
L1	ancestor	crates	duckdb	attach_query	3	7.70	11.050	148.000	ok	131834	131834	yes	yes			
L1	ancestor	crates	duckdb	copy_load	1	6.43	1.580	240.000	ok							
L1	ancestor	crates	duckdb	copy_query	3	6.43	0.080	174.000	ok	131834	131834	yes	yes			
L1	ancestor	crates	duckdb	parquet_load	1	6.43	1.560	212.000	ok							
L1	ancestor	crates	duckdb	parquet_query	3	6.55	0.130	178.000	ok	131834	131834	yes	yes			
L1	ancestor	small	duckdb	attach_count_star	1	6.96			error							Invalid Error: Failed to prepare query "SELECT ROWID FROM "scmpp_node"": no such column: ROWID
L1	ancestor	small	duckdb	attach_load	3	6.96	0.060	25.000	ok							
L1	ancestor	crates	duckdb	attach_count_star	1	6.96			error							Invalid Error: Failed to prepare query "SELECT ROWID FROM "scmpp_node"": no such column: ROWID
L1	ancestor	crates	duckdb	attach_load	3	6.96	0.140	25.000	ok							
Q2	load	small	duckdb	load	1	6.65	1.010	213.000	ok							
Q2	callers	small	sqlite	query	3	6.65	0.000	5.000	ok	166	166	reference	reference			
Q2	callers	small	duckdb	query	3	6.65	0.010	31.000	ok	166	166	yes	yes			
Q2	reaches	small	sqlite	query	3	6.65	0.010	8.000	ok	34	34	reference	reference			
Q2	reaches	small	duckdb	query	3	6.65	0.010	26.000	ok	34	34	yes	yes			
Q2	importers	small	sqlite	query	3	6.65	0.000	4.000	ok	61	61	reference	reference			
Q2	importers	small	duckdb	query	3	6.65	0.010	29.000	ok	61	61	yes	yes			
Q2	cycles	small	sqlite	query	3	6.65	0.250	18.000	ok	267	267	reference	reference			
Q2	cycles	small	duckdb	query	3	6.65	0.090	99.000	ok	267	267	yes	yes			
Q2	load	crates	duckdb	load	1	7.15	3.270	264.000	ok							
Q2	callers	crates	sqlite	query	3	7.15	0.000	6.000	ok	166	166	reference	reference			
Q2	callers	crates	duckdb	query	3	7.15	0.010	31.000	ok	166	166	yes	yes			
Q2	reaches	crates	sqlite	query	3	7.15	0.030	10.000	ok	34	34	reference	reference			
Q2	reaches	crates	duckdb	query	3	7.15	0.010	29.000	ok	34	34	yes	yes			
Q2	importers	crates	sqlite	query	3	7.15	0.000	5.000	ok	66	66	reference	reference			
Q2	importers	crates	duckdb	query	3	7.15	0.010	31.000	ok	66	66	yes	yes			
Q2	cycles	crates	sqlite	query	3	7.15	0.560	24.000	ok	267	267	reference	reference			
Q2	cycles	crates	duckdb	query	3	6.82	0.100	128.000	ok	267	267	yes	yes			
M1	ancestor	crates	duckdb	mem64_t1	3	6.33	0.230	115.000	ok	131834	131834	yes		temporary_storage_bytes	2818048	
M1	chain	crates	duckdb	mem64_t1	3	6.33	0.640	105.000	ok	35484	35484	yes		temporary_storage_bytes	0	
M1	ancestor	crates	duckdb	mem64_t4	1	7.10			error							Out of Memory Error: failed to pin block of size 256.0 KiB (61.1 MiB/61.0 MiB used) Possible solutions: * Reducing the number of threads (SET threads=X) * Disabling insertion-order preservation (SET preserve_insertion_order=false) * Increas
M1	chain	crates	duckdb	mem64_t4	3	7.10	0.260	110.000	ok	35484	35484	yes		temporary_storage_bytes	0	
M1	ancestor	crates	duckdb	mem64_tdefault	1	7.10			error							Out of Memory Error: failed to pin block of size 256.0 KiB (61.2 MiB/61.0 MiB used) Possible solutions: * Reducing the number of threads (SET threads=X) * Disabling insertion-order preservation (SET preserve_insertion_order=false) * Increas
M1	chain	crates	duckdb	mem64_tdefault	1	7.10			error							Out of Memory Error: failed to pin block of size 256.0 KiB (60.8 MiB/61.0 MiB used) Possible solutions: * Reducing the number of threads (SET threads=X) * Disabling insertion-order preservation (SET preserve_insertion_order=false) * Increas
M1	ancestor	crates	duckdb	mem128_t1	3	7.10	0.200	148.000	ok	131834	131834	yes		temporary_storage_bytes	0	
M1	chain	crates	duckdb	mem128_t1	3	7.10	0.660	120.000	ok	35484	35484	yes		temporary_storage_bytes	0	
M1	ancestor	crates	duckdb	mem128_t4	3	7.10	0.100	154.000	ok	131834	131834	yes		temporary_storage_bytes	0	
M1	chain	crates	duckdb	mem128_t4	3	7.09	0.230	125.000	ok	35484	35484	yes		temporary_storage_bytes	0	
M1	ancestor	crates	duckdb	mem128_tdefault	3	7.09	0.080	167.000	ok	131834	131834	yes		temporary_storage_bytes	0	
M1	chain	crates	duckdb	mem128_tdefault	3	7.09	0.200	150.000	ok	35484	35484	yes		temporary_storage_bytes	0	
M1	ancestor	crates	duckdb	mem256_t1	3	7.09	0.190	154.000	ok	131834	131834	yes		temporary_storage_bytes	0	
M1	chain	crates	duckdb	mem256_t1	3	7.09	0.630	124.000	ok	35484	35484	yes		temporary_storage_bytes	0	
M1	ancestor	crates	duckdb	mem256_t4	3	7.09	0.110	161.000	ok	131834	131834	yes		temporary_storage_bytes	0	
M1	chain	crates	duckdb	mem256_t4	3	7.09	0.210	120.000	ok	35484	35484	yes		temporary_storage_bytes	0	
M1	ancestor	crates	duckdb	mem256_tdefault	3	7.24	0.080	174.000	ok	131834	131834	yes		temporary_storage_bytes	0	
M1	chain	crates	duckdb	mem256_tdefault	3	7.24	0.200	148.000	ok	35484	35484	yes		temporary_storage_bytes	0	
M1	ancestor	crates	duckdb	memdefault_t1	3	7.24	0.190	155.000	ok	131834	131834	yes		temporary_storage_bytes	0	
M1	chain	crates	duckdb	memdefault_t1	3	7.24	0.620	118.000	ok	35484	35484	yes		temporary_storage_bytes	0	
M1	ancestor	crates	duckdb	memdefault_t4	3	7.24	0.100	159.000	ok	131834	131834	yes		temporary_storage_bytes	0	
M1	chain	crates	duckdb	memdefault_t4	3	7.24	0.220	120.000	ok	35484	35484	yes		temporary_storage_bytes	0	
M1	ancestor	crates	duckdb	memdefault_tdefault	3	7.14	0.090	176.000	ok	131834	131834	yes		temporary_storage_bytes	0	
M1	chain	crates	duckdb	memdefault_tdefault	3	7.14	0.180	146.000	ok	35484	35484	yes		temporary_storage_bytes	0	
W1	write	small	none	process	3	6.58	0.530	212.000	ok							
W1	write	small	sqlite	process	3	6.69	1.310	317.000	ok	1142395						
W1	write	small	duckdb	process	3	6.69	1.190	415.000	ok	1142395						
W1	write	small	duckdb_pk	process	3	7.20	1.600	427.000	ok	1142395						
W1	write	crates	none	process	3	6.94	1.710	418.000	ok							
W1	write	crates	sqlite	process	3	6.79	4.490	797.000	ok	3800162						
W1	write	crates	duckdb	process	3	7.19	3.880	847.000	ok	3800162						
W1	write	crates	duckdb_pk	process	3	7.40	5.360	920.000	ok	3800162						
Q1	call_expression/has/closure_expression/default	small	ryii	store	1	7.59	2.000	126.000	ok							
Q1	call_expression/has/closure_expression/default	small	duckdb	load	1	7.59	0.590	150.000	ok							
Q1	call_expression/has/closure_expression/default	small	sqlite	query	3	7.59	0.050	10.000	ok	5748	5748	reference	reference			
Q1	call_expression/has/closure_expression/default	small	duckdb	query	3	7.59	0.030	72.000	ok	5748	5748	yes	yes			
Q1	call_expression/has/closure_expression/neighbor	small	ryii	store	1	7.59	2.720	117.000	ok							
Q1	call_expression/has/closure_expression/neighbor	small	duckdb	load	1	7.86	0.500	160.000	ok							
Q1	call_expression/has/closure_expression/neighbor	small	sqlite	query	3	7.86	1.160	6.000	ok	0	0	reference	reference			
Q1	call_expression/has/closure_expression/neighbor	small	duckdb	query	3	8.19	0.020	53.000	ok	0	0	yes	yes			
Q1	call_expression/has/closure_expression/stop	small	ryii	store	1	8.19	1.920	118.000	ok							
Q1	call_expression/has/closure_expression/stop	small	duckdb	load	1	8.19	0.500	136.000	ok							
Q1	call_expression/has/closure_expression/stop	small	sqlite	query	3	8.19	0.060	9.000	ok	5747	5747	reference	reference			
Q1	call_expression/has/closure_expression/stop	small	duckdb	query	3	8.19	0.050	81.000	ok	5747	5747	yes	yes			
Q1	call_expression/has/closure_expression/field	small	ryii	store	1	8.19	1.770	116.000	ok							
Q1	call_expression/has/closure_expression/field	small	duckdb	load	1	7.86	0.490	144.000	ok							
Q1	call_expression/has/closure_expression/field	small	sqlite	query	3	7.86	0.050	5.000	ok	0	0	reference	reference			
Q1	call_expression/has/closure_expression/field	small	duckdb	query	3	7.86	0.030	116.000	ok	0	0	yes	yes			
Q1	call_expression/has/closure_expression/not	small	ryii	store	1	7.86	1.820	145.000	ok							
Q1	call_expression/has/closure_expression/not	small	duckdb	load	1	7.86	0.500	139.000	ok							
Q1	call_expression/has/closure_expression/not	small	sqlite	query	3	7.86	0.080	19.000	ok	34893	34893	reference	reference			
Q1	call_expression/has/closure_expression/not	small	duckdb	query	3	7.86	0.040	99.000	ok	34893	34893	yes	yes			
Q1	call_expression/has-ancestor/closure_expression/default	small	ryii	store	1	7.71	2.160	125.000	ok							
Q1	call_expression/has-ancestor/closure_expression/default	small	duckdb	load	1	7.71	0.490	148.000	ok							
Q1	call_expression/has-ancestor/closure_expression/default	small	sqlite	query	3	7.71	0.510	9.000	ok	7262	7262	reference	reference			
Q1	call_expression/has-ancestor/closure_expression/default	small	duckdb	query	3	7.71	0.030	66.000	ok	7262	7262	yes	yes			
Q1	call_expression/has-ancestor/closure_expression/neighbor	small	ryii	store	1	7.71	1.740	109.000	ok							
Q1	call_expression/has-ancestor/closure_expression/neighbor	small	duckdb	load	1	7.49	0.490	154.000	ok							
Q1	call_expression/has-ancestor/closure_expression/neighbor	small	sqlite	query	3	7.49	0.050	6.000	ok	1796	1796	reference	reference			
Q1	call_expression/has-ancestor/closure_expression/neighbor	small	duckdb	query	3	7.49	0.030	62.000	ok	1796	1796	yes	yes			
Q1	call_expression/has-ancestor/closure_expression/stop	small	ryii	store	1	7.49	2.270	117.000	ok							
Q1	call_expression/has-ancestor/closure_expression/stop	small	duckdb	load	1	7.49	0.500	155.000	ok							
Q1	call_expression/has-ancestor/closure_expression/stop	small	sqlite	query	3	7.37	0.530	7.000	ok	3664	3664	reference	reference			
Q1	call_expression/has-ancestor/closure_expression/stop	small	duckdb	query	3	7.37	0.030	79.000	ok	3664	3664	yes	yes			
Q1	call_expression/has-ancestor/closure_expression/field	small	ryii	store	1	7.37	5.200	113.000	ok							
Q1	call_expression/has-ancestor/closure_expression/field	small	duckdb	load	1	7.02	0.520	149.000	ok							
Q1	call_expression/has-ancestor/closure_expression/field	small	sqlite	query	3	7.02	3.820	9.000	ok	7262	7262	reference	reference			
Q1	call_expression/has-ancestor/closure_expression/field	small	duckdb	query	3	7.18	0.040	74.000	ok	7262	7262	yes	yes			
Q1	call_expression/has-ancestor/closure_expression/not	small	ryii	store	1	7.18	2.300	147.000	ok							
Q1	call_expression/has-ancestor/closure_expression/not	small	duckdb	load	1	7.08	0.510	131.000	ok							
Q1	call_expression/has-ancestor/closure_expression/not	small	sqlite	query	3	7.08	0.540	20.000	ok	33379	33379	reference	reference			
Q1	call_expression/has-ancestor/closure_expression/not	small	duckdb	query	3	7.08	0.040	97.000	ok	33379	33379	yes	yes			
Q1	call_expression/has-parent/closure_expression/default	small	ryii	store	1	7.08	1.760	105.000	ok							
Q1	call_expression/has-parent/closure_expression/default	small	duckdb	load	1	7.07	0.510	161.000	ok							
Q1	call_expression/has-parent/closure_expression/default	small	sqlite	query	3	7.07	0.050	6.000	ok	1796	1796	reference	reference			
Q1	call_expression/has-parent/closure_expression/default	small	duckdb	query	3	7.07	0.030	63.000	ok	1796	1796	yes	yes			
Q1	call_expression/has-parent/closure_expression/field	small	ryii	store	1	7.07	1.770	115.000	ok							
Q1	call_expression/has-parent/closure_expression/field	small	duckdb	load	1	7.07	0.500	156.000	ok							
Q1	call_expression/has-parent/closure_expression/field	small	sqlite	query	3	7.07	0.040	7.000	ok	1796	1796	reference	reference			
Q1	call_expression/has-parent/closure_expression/field	small	duckdb	query	3	7.07	0.020	68.000	ok	1796	1796	yes	yes			
Q1	call_expression/has-parent/closure_expression/not	small	ryii	store	1	7.07	1.810	156.000	ok							
Q1	call_expression/has-parent/closure_expression/not	small	duckdb	load	1	7.15	0.500	152.000	ok							
Q1	call_expression/has-parent/closure_expression/not	small	sqlite	query	3	7.15	0.080	22.000	ok	38845	38845	reference	reference			
Q1	call_expression/has-parent/closure_expression/not	small	duckdb	query	3	7.15	0.040	104.000	ok	38845	38845	yes	yes			
Q1	call_expression/precedes/closure_expression/default	small	ryii	store	1	7.15	1.760	122.000	ok							
Q1	call_expression/precedes/closure_expression/default	small	duckdb	load	1	7.15	0.490	123.000	ok							
Q1	call_expression/precedes/closure_expression/default	small	sqlite	query	3	7.15	0.050	5.000	ok	34	34	reference	reference			
Q1	call_expression/precedes/closure_expression/default	small	duckdb	query	3	7.15	0.020	67.000	ok	34	34	yes	yes			
Q1	call_expression/precedes/closure_expression/neighbor	small	ryii	store	1	7.14	2.370	104.000	ok							
Q1	call_expression/precedes/closure_expression/neighbor	small	duckdb	load	1	7.14	0.500	181.000	ok							
Q1	call_expression/precedes/closure_expression/neighbor	small	sqlite	query	3	7.14	0.760	6.000	ok	29	29	reference	reference			
Q1	call_expression/precedes/closure_expression/neighbor	small	duckdb	query	3	7.20	0.030	66.000	ok	29	29	yes	yes			
Q1	call_expression/precedes/closure_expression/stop	small	ryii	store	1	7.20	1.870	111.000	ok							
Q1	call_expression/precedes/closure_expression/stop	small	duckdb	load	1	7.20	0.500	154.000	ok							
Q1	call_expression/precedes/closure_expression/stop	small	sqlite	query	3	7.20	0.060	6.000	ok	34	34	reference	reference			
Q1	call_expression/precedes/closure_expression/stop	small	duckdb	query	3	7.20	0.030	67.000	ok	34	34	yes	yes			
Q1	call_expression/precedes/closure_expression/field	small	ryii	store	1	7.20	1.840	123.000	ok							
Q1	call_expression/precedes/closure_expression/field	small	duckdb	load	1	7.35	0.500	134.000	ok							
Q1	call_expression/precedes/closure_expression/field	small	sqlite	query	3	7.35	0.050	6.000	ok	0	0	reference	reference			
Q1	call_expression/precedes/closure_expression/field	small	duckdb	query	3	7.35	0.020	58.000	ok	0	0	yes	yes			
Q1	call_expression/precedes/closure_expression/not	small	ryii	store	1	7.35	1.930	165.000	ok							
Q1	call_expression/precedes/closure_expression/not	small	duckdb	load	1	7.35	0.530	140.000	ok							
Q1	call_expression/precedes/closure_expression/not	small	sqlite	query	3	7.35	0.100	24.000	ok	40607	40607	reference	reference			
Q1	call_expression/precedes/closure_expression/not	small	duckdb	query	3	7.35	0.050	110.000	ok	40607	40607	yes	yes			
Q1	call_expression/follows/closure_expression/default	small	ryii	store	1	7.24	1.780	121.000	ok							
Q1	call_expression/follows/closure_expression/default	small	duckdb	load	1	7.24	0.500	146.000	ok							
Q1	call_expression/follows/closure_expression/default	small	sqlite	query	3	7.24	0.060	6.000	ok	1	1	reference	reference			
Q1	call_expression/follows/closure_expression/default	small	duckdb	query	3	7.24	0.020	65.000	ok	1	1	yes	yes			
Q1	call_expression/follows/closure_expression/neighbor	small	ryii	store	1	7.24	2.450	112.000	ok							
Q1	call_expression/follows/closure_expression/neighbor	small	duckdb	load	1	7.14	0.500	149.000	ok							
Q1	call_expression/follows/closure_expression/neighbor	small	sqlite	query	3	7.14	0.820	7.000	ok	0	0	reference	reference			
Q1	call_expression/follows/closure_expression/neighbor	small	duckdb	query	3	7.14	0.030	62.000	ok	0	0	yes	yes			
Q1	call_expression/follows/closure_expression/stop	small	ryii	store	1	7.14	2.030	114.000	ok							
Q1	call_expression/follows/closure_expression/stop	small	duckdb	load	1	7.21	0.530	137.000	ok							
Q1	call_expression/follows/closure_expression/stop	small	sqlite	query	3	7.21	0.070	6.000	ok	1	1	reference	reference			
Q1	call_expression/follows/closure_expression/stop	small	duckdb	query	3	7.21	0.030	63.000	ok	1	1	yes	yes			
Q1	call_expression/follows/closure_expression/field	small	ryii	store	1	7.21	1.900	101.000	ok							
Q1	call_expression/follows/closure_expression/field	small	duckdb	load	1	7.21	0.540	152.000	ok							
Q1	call_expression/follows/closure_expression/field	small	sqlite	query	3	7.21	0.070	7.000	ok	0	0	reference	reference			
Q1	call_expression/follows/closure_expression/field	small	duckdb	query	3	7.21	0.030	58.000	ok	0	0	yes	yes			
Q1	call_expression/follows/closure_expression/not	small	ryii	store	1	7.67	1.950	155.000	ok							
Q1	call_expression/follows/closure_expression/not	small	duckdb	load	1	7.67	0.530	134.000	ok							
Q1	call_expression/follows/closure_expression/not	small	sqlite	query	3	7.67	0.100	24.000	ok	40640	40640	reference	reference			
Q1	call_expression/follows/closure_expression/not	small	duckdb	query	3	7.67	0.050	111.000	ok	40640	40640	yes	yes			
Q1	call_expression/nth-child/1	small	ryii	store	1	7.67	1.730	140.000	ok							
Q1	call_expression/nth-child/1	small	duckdb	load	1	7.94	0.490	138.000	ok							
Q1	call_expression/nth-child/1	small	sqlite	query	3	7.94	0.070	16.000	ok	23873	23873	reference	reference			
Q1	call_expression/nth-child/1	small	duckdb	query	3	7.94	0.100	224.000	ok	23873	23873	yes	yes			
Q1	call_expression/nth-child/1/of	small	ryii	store	1	7.94	1.910	164.000	ok							
Q1	call_expression/nth-child/1/of	small	duckdb	load	1	7.94	0.500	142.000	ok							
Q1	call_expression/nth-child/1/of	small	sqlite	query	3	7.94	0.110	23.000	ok	39608	39608	reference	reference			
Q1	call_expression/nth-child/1/of	small	duckdb	query	3	7.94	0.100	218.000	ok	39608	39608	yes	yes			
Q1	call_expression/nth-child/2	small	ryii	store	1	7.94	1.680	129.000	ok							
Q1	call_expression/nth-child/2	small	duckdb	load	1	7.70	0.490	137.000	ok							
Q1	call_expression/nth-child/2	small	sqlite	query	3	7.70	0.060	11.000	ok	13408	13408	reference	reference			
Q1	call_expression/nth-child/2	small	duckdb	query	3	7.70	0.090	217.000	ok	13408	13408	yes	yes			
Q1	call_expression/nth-child/2/of	small	ryii	store	1	7.70	1.810	117.000	ok							
Q1	call_expression/nth-child/2/of	small	duckdb	load	1	7.70	0.510	136.000	ok							
Q1	call_expression/nth-child/2/of	small	sqlite	query	3	7.49	0.070	6.000	ok	968	968	reference	reference			
Q1	call_expression/nth-child/2/of	small	duckdb	query	3	7.49	0.080	194.000	ok	968	968	yes	yes			
Q1	call_expression/nth-child/3	small	ryii	store	1	7.49	1.680	115.000	ok							
Q1	call_expression/nth-child/3	small	duckdb	load	1	7.49	0.500	134.000	ok							
Q1	call_expression/nth-child/3	small	sqlite	query	3	7.49	0.050	7.000	ok	2156	2156	reference	reference			
Q1	call_expression/nth-child/3	small	duckdb	query	3	7.49	0.090	214.000	ok	2156	2156	yes	yes			
Q1	call_expression/nth-child/3/of	small	ryii	store	1	7.49	2.100	97.000	ok							
Q1	call_expression/nth-child/3/of	small	duckdb	load	1	8.01	0.930	129.000	ok							
Q1	call_expression/nth-child/3/of	small	sqlite	query	3	8.01	0.080	7.000	ok	37	37	reference	reference			
Q1	call_expression/nth-child/3/of	small	duckdb	query	3	8.01	0.080	195.000	ok	37	37	yes	yes			
Q1	identifier/has/function_item/default	small	ryii	store	1	8.01	2.100	131.000	ok							
Q1	identifier/has/function_item/default	small	duckdb	load	1	8.01	0.550	157.000	ok							
Q1	identifier/has/function_item/default	small	sqlite	query	3	8.25	0.150	6.000	ok	0	0	reference	reference			
Q1	identifier/has/function_item/default	small	duckdb	query	3	8.25	0.040	87.000	ok	0	0	yes	yes			
Q1	identifier/has/function_item/neighbor	small	ryii	store	1	8.25	4.080	122.000	ok							
Q1	identifier/has/function_item/neighbor	small	duckdb	load	1	8.25	0.540	130.000	ok							
Q1	identifier/has/function_item/neighbor	small	sqlite	query	3	10.79	2.820	6.000	ok	0	0	reference	reference			
Q1	identifier/has/function_item/neighbor	small	duckdb	query	3	10.41	0.030	79.000	ok	0	0	yes	yes			
Q1	identifier/has/function_item/stop	small	ryii	store	1	10.13	2.180	114.000	ok							
Q1	identifier/has/function_item/stop	small	duckdb	load	1	10.13	0.540	127.000	ok							
Q1	identifier/has/function_item/stop	small	sqlite	query	3	10.13	0.150	6.000	ok	0	0	reference	reference			
Q1	identifier/has/function_item/stop	small	duckdb	query	3	9.56	0.040	91.000	ok	0	0	yes	yes			
Q1	identifier/has/function_item/field	small	ryii	store	1	9.56	2.030	116.000	ok							
Q1	identifier/has/function_item/field	small	duckdb	load	1	9.56	0.540	131.000	ok							
Q1	identifier/has/function_item/field	small	sqlite	query	3	9.56	0.150	6.000	ok	0	0	reference	reference			
Q1	identifier/has/function_item/field	small	duckdb	query	3	9.56	0.030	89.000	ok	0	0	yes	yes			
Q1	identifier/has/function_item/not	small	ryii	store	1	9.56	2.300	271.000	ok							
Q1	identifier/has/function_item/not	small	duckdb	load	1	9.20	0.530	153.000	ok							
Q1	identifier/has/function_item/not	small	sqlite	query	3	9.20	0.260	48.000	ok	136688	136688	reference	reference			
Q1	identifier/has/function_item/not	small	duckdb	query	3	9.20	0.080	165.000	ok	136688	136688	yes	yes			
Q1	identifier/has-ancestor/function_item/default	small	ryii	store	1	9.20	3.360	260.000	ok							
Q1	identifier/has-ancestor/function_item/default	small	duckdb	load	1	8.78	0.550	125.000	ok							
Q1	identifier/has-ancestor/function_item/default	small	sqlite	query	3	8.78	1.480	45.000	ok	124058	124058	reference	reference			
Q1	identifier/has-ancestor/function_item/default	small	duckdb	query	3	8.48	0.080	158.000	ok	124058	124058	yes	yes			
Q1	identifier/has-ancestor/function_item/neighbor	small	ryii	store	1	8.48	2.060	123.000	ok							
Q1	identifier/has-ancestor/function_item/neighbor	small	duckdb	load	1	8.44	0.530	142.000	ok							
Q1	identifier/has-ancestor/function_item/neighbor	small	sqlite	query	3	8.44	0.150	7.000	ok	3488	3488	reference	reference			
Q1	identifier/has-ancestor/function_item/neighbor	small	duckdb	query	3	8.44	0.030	91.000	ok	3488	3488	yes	yes			
Q1	identifier/has-ancestor/function_item/stop	small	ryii	store	1	8.44	3.190	123.000	ok							
Q1	identifier/has-ancestor/function_item/stop	small	duckdb	load	1	8.00	0.530	148.000	ok							
Q1	identifier/has-ancestor/function_item/stop	small	sqlite	query	3	8.00	1.480	10.000	ok	13085	13085	reference	reference			
Q1	identifier/has-ancestor/function_item/stop	small	duckdb	query	3	8.08	0.070	123.000	ok	13085	13085	yes	yes			
Q1	identifier/has-ancestor/function_item/field	small	ryii	store	1	5.10	53.180	166.000	ok							
Q1	identifier/has-ancestor/function_item/field	small	duckdb	load	1	5.75	0.620	160.000	ok							
Q1	identifier/has-ancestor/function_item/field	small	sqlite	query	1	5.61	55.520	40.000	ok	111029	111029	reference	reference			
Q1	identifier/has-ancestor/function_item/field	small	duckdb	query	3	6.23	0.100	164.000	ok	111029	111029	yes	yes			
Q1	identifier/has-ancestor/function_item/not	small	ryii	store	1	6.03	3.330	142.000	ok							
Q1	identifier/has-ancestor/function_item/not	small	duckdb	load	1	6.83	0.580	131.000	ok							
Q1	identifier/has-ancestor/function_item/not	small	sqlite	query	3	6.83	1.410	10.000	ok	12630	12630	reference	reference			
Q1	identifier/has-ancestor/function_item/not	small	duckdb	query	3	6.60	0.050	94.000	ok	12630	12630	yes	yes			
Q1	identifier/has-parent/function_item/default	small	ryii	store	1	6.60	2.170	122.000	ok							
Q1	identifier/has-parent/function_item/default	small	duckdb	load	1	6.63	0.580	135.000	ok							
Q1	identifier/has-parent/function_item/default	small	sqlite	query	3	6.63	0.160	8.000	ok	3488	3488	reference	reference			
Q1	identifier/has-parent/function_item/default	small	duckdb	query	3	6.63	0.050	92.000	ok	3488	3488	yes	yes			
Q1	identifier/has-parent/function_item/field	small	ryii	store	1	6.63	2.190	108.000	ok							
Q1	identifier/has-parent/function_item/field	small	duckdb	load	1	6.63	0.650	134.000	ok							
Q1	identifier/has-parent/function_item/field	small	sqlite	query	3	6.63	0.120	6.000	ok	0	0	reference	reference			
Q1	identifier/has-parent/function_item/field	small	duckdb	query	3	6.42	0.020	76.000	ok	0	0	yes	yes			
Q1	identifier/has-parent/function_item/not	small	ryii	store	1	6.42	2.400	264.000	ok							
Q1	identifier/has-parent/function_item/not	small	duckdb	load	1	6.42	0.550	139.000	ok							
Q1	identifier/has-parent/function_item/not	small	sqlite	query	3	6.42	0.260	47.000	ok	133200	133200	reference	reference			
Q1	identifier/has-parent/function_item/not	small	duckdb	query	3	6.42	0.080	166.000	ok	133200	133200	yes	yes			
Q1	identifier/precedes/function_item/default	small	ryii	store	1	6.71	2.170	121.000	ok							
Q1	identifier/precedes/function_item/default	small	duckdb	load	1	6.71	0.580	140.000	ok							
Q1	identifier/precedes/function_item/default	small	sqlite	query	3	6.71	0.210	6.000	ok	0	0	reference	reference			
Q1	identifier/precedes/function_item/default	small	duckdb	query	3	6.71	0.040	92.000	ok	0	0	yes	yes			
Q1	identifier/precedes/function_item/neighbor	small	ryii	store	1	6.71	3.670	120.000	ok							
Q1	identifier/precedes/function_item/neighbor	small	duckdb	load	1	6.73	0.570	130.000	ok							
Q1	identifier/precedes/function_item/neighbor	small	sqlite	query	3	6.73	1.880	6.000	ok	0	0	reference	reference			
Q1	identifier/precedes/function_item/neighbor	small	duckdb	query	3	6.59	0.030	92.000	ok	0	0	yes	yes			
Q1	identifier/precedes/function_item/stop	small	ryii	store	1	6.71	2.440	123.000	ok							
Q1	identifier/precedes/function_item/stop	small	duckdb	load	1	6.71	0.550	135.000	ok							
Q1	identifier/precedes/function_item/stop	small	sqlite	query	3	6.71	0.350	6.000	ok	0	0	reference	reference			
Q1	identifier/precedes/function_item/stop	small	duckdb	query	3	7.45	0.030	90.000	ok	0	0	yes	yes			
Q1	identifier/precedes/function_item/field	small	ryii	store	1	7.45	2.270	123.000	ok							
Q1	identifier/precedes/function_item/field	small	duckdb	load	1	7.45	0.550	133.000	ok							
Q1	identifier/precedes/function_item/field	small	sqlite	query	3	7.45	0.200	6.000	ok	0	0	reference	reference			
Q1	identifier/precedes/function_item/field	small	duckdb	query	3	7.45	0.030	89.000	ok	0	0	yes	yes			
Q1	identifier/precedes/function_item/not	small	ryii	store	1	7.45	2.510	231.000	ok							
Q1	identifier/precedes/function_item/not	small	duckdb	load	1	7.57	0.540	140.000	ok							
Q1	identifier/precedes/function_item/not	small	sqlite	query	3	7.57	0.320	49.000	ok	136688	136688	reference	reference			
Q1	identifier/precedes/function_item/not	small	duckdb	query	3	7.57	0.080	169.000	ok	136688	136688	yes	yes			
Q1	identifier/follows/function_item/default	small	ryii	store	1	7.57	2.180	120.000	ok							
Q1	identifier/follows/function_item/default	small	duckdb	load	1	7.61	0.550	140.000	ok							
Q1	identifier/follows/function_item/default	small	sqlite	query	3	7.61	0.190	6.000	ok	3	3	reference	reference			
Q1	identifier/follows/function_item/default	small	duckdb	query	3	7.61	0.030	92.000	ok	3	3	yes	yes			
Q1	identifier/follows/function_item/neighbor	small	ryii	store	1	7.61	3.640	122.000	ok							
Q1	identifier/follows/function_item/neighbor	small	duckdb	load	1	7.56	0.540	129.000	ok							
Q1	identifier/follows/function_item/neighbor	small	sqlite	query	3	7.56	1.850	6.000	ok	0	0	reference	reference			
Q1	identifier/follows/function_item/neighbor	small	duckdb	query	3	7.51	0.030	90.000	ok	0	0	yes	yes			
Q1	identifier/follows/function_item/stop	small	ryii	store	1	7.51	2.430	123.000	ok							
Q1	identifier/follows/function_item/stop	small	duckdb	load	1	7.39	0.640	146.000	ok							
Q1	identifier/follows/function_item/stop	small	sqlite	query	3	7.39	0.310	6.000	ok	3	3	reference	reference			
Q1	identifier/follows/function_item/stop	small	duckdb	query	3	7.39	0.040	92.000	ok	3	3	yes	yes			
Q1	identifier/follows/function_item/field	small	ryii	store	1	7.39	2.170	120.000	ok							
Q1	identifier/follows/function_item/field	small	duckdb	load	1	7.04	0.570	134.000	ok							
Q1	identifier/follows/function_item/field	small	sqlite	query	3	7.04	0.180	6.000	ok	0	0	reference	reference			
Q1	identifier/follows/function_item/field	small	duckdb	query	3	7.04	0.030	89.000	ok	0	0	yes	yes			
Q1	identifier/follows/function_item/not	small	ryii	store	1	7.04	2.410	281.000	ok							
Q1	identifier/follows/function_item/not	small	duckdb	load	1	6.88	0.560	136.000	ok							
Q1	identifier/follows/function_item/not	small	sqlite	query	3	6.88	0.290	48.000	ok	136685	136685	reference	reference			
Q1	identifier/follows/function_item/not	small	duckdb	query	3	6.88	0.080	172.000	ok	136685	136685	yes	yes			
Q1	identifier/nth-child/1	small	ryii	store	1	6.88	2.210	223.000	ok							
Q1	identifier/nth-child/1	small	duckdb	load	1	6.73	0.550	147.000	ok							
Q1	identifier/nth-child/1	small	sqlite	query	3	6.73	0.230	35.000	ok	92484	92484	reference	reference			
Q1	identifier/nth-child/1	small	duckdb	query	3	6.73	0.130	276.000	ok	92484	92484	yes	yes			
Q1	identifier/nth-child/1/of	small	ryii	store	1	6.73	2.480	248.000	ok							
Q1	identifier/nth-child/1/of	small	duckdb	load	1	6.67	0.570	140.000	ok							
Q1	identifier/nth-child/1/of	small	sqlite	query	3	6.67	0.320	39.000	ok	108170	108170	reference	reference			
Q1	identifier/nth-child/1/of	small	duckdb	query	3	6.67	0.130	365.000	ok	108170	108170	yes	yes			
Q1	identifier/nth-child/2	small	ryii	store	1	6.67	2.010	159.000	ok							
Q1	identifier/nth-child/2	small	duckdb	load	1	6.67	0.550	142.000	ok							
Q1	identifier/nth-child/2	small	sqlite	query	3	6.69	0.190	17.000	ok	33616	33616	reference	reference			
Q1	identifier/nth-child/2	small	duckdb	query	3	6.69	0.130	244.000	ok	33616	33616	yes	yes			
Q1	identifier/nth-child/2/of	small	ryii	store	1	6.69	2.360	144.000	ok							
Q1	identifier/nth-child/2/of	small	duckdb	load	1	6.69	0.590	149.000	ok							
Q1	identifier/nth-child/2/of	small	sqlite	query	3	6.69	0.260	13.000	ok	20244	20244	reference	reference			
Q1	identifier/nth-child/2/of	small	duckdb	query	3	6.72	0.120	330.000	ok	20244	20244	yes	yes			
Q1	identifier/nth-child/3	small	ryii	store	1	6.72	2.040	121.000	ok							
Q1	identifier/nth-child/3	small	duckdb	load	1	6.72	0.540	129.000	ok							
Q1	identifier/nth-child/3	small	sqlite	query	3	6.72	0.160	7.000	ok	3767	3767	reference	reference			
Q1	identifier/nth-child/3	small	duckdb	query	3	6.72	0.100	235.000	ok	3767	3767	yes	yes			
Q1	identifier/nth-child/3/of	small	ryii	store	1	6.98	2.330	132.000	ok							
Q1	identifier/nth-child/3/of	small	duckdb	load	1	6.98	0.600	152.000	ok							
Q1	identifier/nth-child/3/of	small	sqlite	query	3	6.98	0.250	7.000	ok	3058	3058	reference	reference			
Q1	identifier/nth-child/3/of	small	duckdb	query	3	6.98	0.120	325.000	ok	3058	3058	yes	yes			
Q1	let_declaration/has/expression_statement/default	small	ryii	store	1	6.98	1.690	104.000	ok							
Q1	let_declaration/has/expression_statement/default	small	duckdb	load	1	6.82	0.500	149.000	ok							
Q1	let_declaration/has/expression_statement/default	small	sqlite	query	3	6.82	0.010	7.000	ok	1043	1043	reference	reference			
Q1	let_declaration/has/expression_statement/default	small	duckdb	query	3	6.82	0.020	54.000	ok	1043	1043	yes	yes			
Q1	let_declaration/has/expression_statement/neighbor	small	ryii	store	1	6.82	2.410	116.000	ok							
Q1	let_declaration/has/expression_statement/neighbor	small	duckdb	load	1	6.82	0.500	139.000	ok							
Q1	let_declaration/has/expression_statement/neighbor	small	sqlite	query	3	6.82	0.820	6.000	ok	0	0	reference	reference			
Q1	let_declaration/has/expression_statement/neighbor	small	duckdb	query	3	7.40	0.020	45.000	ok	0	0	yes	yes			
Q1	let_declaration/has/expression_statement/stop	small	ryii	store	1	7.40	1.810	117.000	ok							
Q1	let_declaration/has/expression_statement/stop	small	duckdb	load	1	7.28	0.500	146.000	ok							
Q1	let_declaration/has/expression_statement/stop	small	sqlite	query	3	7.28	0.010	6.000	ok	0	0	reference	reference			
Q1	let_declaration/has/expression_statement/stop	small	duckdb	query	3	7.28	0.030	64.000	ok	0	0	yes	yes			
Q1	let_declaration/has/expression_statement/field	small	ryii	store	1	7.28	1.670	113.000	ok							
Q1	let_declaration/has/expression_statement/field	small	duckdb	load	1	7.28	0.500	127.000	ok							
Q1	let_declaration/has/expression_statement/field	small	sqlite	query	3	7.28	0.010	6.000	ok	0	0	reference	reference			
Q1	let_declaration/has/expression_statement/field	small	duckdb	query	3	7.28	0.010	45.000	ok	0	0	yes	yes			
Q1	let_declaration/has/expression_statement/not	small	ryii	store	1	7.28	1.810	130.000	ok							
Q1	let_declaration/has/expression_statement/not	small	duckdb	load	1	7.42	0.500	135.000	ok							
Q1	let_declaration/has/expression_statement/not	small	sqlite	query	3	7.42	0.020	10.000	ok	8006	8006	reference	reference			
Q1	let_declaration/has/expression_statement/not	small	duckdb	query	3	7.42	0.030	63.000	ok	8006	8006	yes	yes			
Q1	let_declaration/has-ancestor/expression_statement/default	small	ryii	store	1	7.42	2.070	121.000	ok							
Q1	let_declaration/has-ancestor/expression_statement/default	small	duckdb	load	1	7.42	0.490	132.000	ok							
Q1	let_declaration/has-ancestor/expression_statement/default	small	sqlite	query	3	7.42	0.410	9.000	ok	3532	3532	reference	reference			
Q1	let_declaration/has-ancestor/expression_statement/default	small	duckdb	query	3	7.42	0.070	120.000	ok	3532	3532	yes	yes			
Q1	let_declaration/has-ancestor/expression_statement/neighbor	small	ryii	store	1	7.31	1.680	112.000	ok							
Q1	let_declaration/has-ancestor/expression_statement/neighbor	small	duckdb	load	1	7.31	0.480	148.000	ok							
Q1	let_declaration/has-ancestor/expression_statement/neighbor	small	sqlite	query	3	7.31	0.010	6.000	ok	0	0	reference	reference			
Q1	let_declaration/has-ancestor/expression_statement/neighbor	small	duckdb	query	3	7.31	0.020	51.000	ok	0	0	yes	yes			
Q1	let_declaration/has-ancestor/expression_statement/stop	small	ryii	store	1	7.31	2.170	112.000	ok							
Q1	let_declaration/has-ancestor/expression_statement/stop	small	duckdb	load	1	7.20	0.490	130.000	ok							
Q1	let_declaration/has-ancestor/expression_statement/stop	small	sqlite	query	3	7.20	0.400	6.000	ok	0	0	reference	reference			
Q1	let_declaration/has-ancestor/expression_statement/stop	small	duckdb	query	3	7.20	0.050	146.000	ok	0	0	yes	yes			
Q1	let_declaration/has-ancestor/expression_statement/field	small	ryii	store	1	7.20	4.550	110.000	ok							
Q1	let_declaration/has-ancestor/expression_statement/field	small	duckdb	load	1	7.35	0.500	145.000	ok							
Q1	let_declaration/has-ancestor/expression_statement/field	small	sqlite	query	3	7.35	3.200	6.000	ok	0	0	reference	reference			
Q1	let_declaration/has-ancestor/expression_statement/field	small	duckdb	query	3	6.90	0.020	55.000	ok	0	0	yes	yes			
Q1	let_declaration/has-ancestor/expression_statement/not	small	ryii	store	1	6.99	2.170	118.000	ok							
Q1	let_declaration/has-ancestor/expression_statement/not	small	duckdb	load	1	6.99	0.500	143.000	ok							
Q1	let_declaration/has-ancestor/expression_statement/not	small	sqlite	query	3	6.99	0.410	9.000	ok	5517	5517	reference	reference			
Q1	let_declaration/has-ancestor/expression_statement/not	small	duckdb	query	3	6.99	0.070	120.000	ok	5517	5517	yes	yes			
Q1	let_declaration/has-parent/expression_statement/default	small	ryii	store	1	6.83	1.730	119.000	ok							
Q1	let_declaration/has-parent/expression_statement/default	small	duckdb	load	1	6.83	0.490	135.000	ok							
Q1	let_declaration/has-parent/expression_statement/default	small	sqlite	query	3	6.83	0.010	6.000	ok	0	0	reference	reference			
Q1	let_declaration/has-parent/expression_statement/default	small	duckdb	query	3	6.83	0.020	49.000	ok	0	0	yes	yes			
Q1	let_declaration/has-parent/expression_statement/field	small	ryii	store	1	6.83	1.710	112.000	ok							
Q1	let_declaration/has-parent/expression_statement/field	small	duckdb	load	1	6.83	0.500	137.000	ok							
Q1	let_declaration/has-parent/expression_statement/field	small	sqlite	query	3	6.83	0.010	6.000	ok	0	0	reference	reference			
Q1	let_declaration/has-parent/expression_statement/field	small	duckdb	query	3	6.83	0.010	45.000	ok	0	0	yes	yes			
Q1	let_declaration/has-parent/expression_statement/not	small	ryii	store	1	6.60	1.760	130.000	ok							
Q1	let_declaration/has-parent/expression_statement/not	small	duckdb	load	1	6.60	0.500	131.000	ok							
Q1	let_declaration/has-parent/expression_statement/not	small	sqlite	query	3	6.60	0.020	11.000	ok	9049	9049	reference	reference			
Q1	let_declaration/has-parent/expression_statement/not	small	duckdb	query	3	6.60	0.030	64.000	ok	9049	9049	yes	yes			
Q1	let_declaration/precedes/expression_statement/default	small	ryii	store	1	6.60	1.750	116.000	ok							
Q1	let_declaration/precedes/expression_statement/default	small	duckdb	load	1	6.60	0.500	138.000	ok							
Q1	let_declaration/precedes/expression_statement/default	small	sqlite	query	3	6.60	0.030	11.000	ok	7631	7631	reference	reference			
Q1	let_declaration/precedes/expression_statement/default	small	duckdb	query	3	6.79	0.030	66.000	ok	7631	7631	yes	yes			
Q1	let_declaration/precedes/expression_statement/neighbor	small	ryii	store	1	6.79	2.070	113.000	ok							
Q1	let_declaration/precedes/expression_statement/neighbor	small	duckdb	load	1	6.79	0.510	144.000	ok							
Q1	let_declaration/precedes/expression_statement/neighbor	small	sqlite	query	3	6.79	0.450	9.000	ok	3968	3968	reference	reference			
Q1	let_declaration/precedes/expression_statement/neighbor	small	duckdb	query	3	6.79	0.030	61.000	ok	3968	3968	yes	yes			
Q1	let_declaration/precedes/expression_statement/stop	small	ryii	store	1	6.79	1.890	121.000	ok							
Q1	let_declaration/precedes/expression_statement/stop	small	duckdb	load	1	6.81	0.500	145.000	ok							
Q1	let_declaration/precedes/expression_statement/stop	small	sqlite	query	3	6.81	0.050	11.000	ok	7631	7631	reference	reference			
Q1	let_declaration/precedes/expression_statement/stop	small	duckdb	query	3	6.81	0.030	73.000	ok	7631	7631	yes	yes			
Q1	let_declaration/precedes/expression_statement/field	small	ryii	store	1	6.81	1.740	109.000	ok							
Q1	let_declaration/precedes/expression_statement/field	small	duckdb	load	1	6.81	0.520	139.000	ok							
Q1	let_declaration/precedes/expression_statement/field	small	sqlite	query	3	6.82	0.030	6.000	ok	0	0	reference	reference			
Q1	let_declaration/precedes/expression_statement/field	small	duckdb	query	3	6.82	0.010	49.000	ok	0	0	yes	yes			
Q1	let_declaration/precedes/expression_statement/not	small	ryii	store	1	6.82	1.710	117.000	ok							
Q1	let_declaration/precedes/expression_statement/not	small	duckdb	load	1	6.82	0.480	136.000	ok							
Q1	let_declaration/precedes/expression_statement/not	small	sqlite	query	3	6.82	0.020	7.000	ok	1418	1418	reference	reference			
Q1	let_declaration/precedes/expression_statement/not	small	duckdb	query	3	6.82	0.020	60.000	ok	1418	1418	yes	yes			
Q1	let_declaration/follows/expression_statement/default	small	ryii	store	1	6.82	1.800	105.000	ok							
Q1	let_declaration/follows/expression_statement/default	small	duckdb	load	1	6.82	0.510	131.000	ok							
Q1	let_declaration/follows/expression_statement/default	small	sqlite	query	3	6.68	0.020	8.000	ok	2497	2497	reference	reference			
Q1	let_declaration/follows/expression_statement/default	small	duckdb	query	3	6.68	0.020	60.000	ok	2497	2497	yes	yes			
Q1	let_declaration/follows/expression_statement/neighbor	small	ryii	store	1	6.68	2.160	110.000	ok							
Q1	let_declaration/follows/expression_statement/neighbor	small	duckdb	load	1	6.68	0.500	156.000	ok							
Q1	let_declaration/follows/expression_statement/neighbor	small	sqlite	query	3	6.68	0.540	7.000	ok	1297	1297	reference	reference			
Q1	let_declaration/follows/expression_statement/neighbor	small	duckdb	query	3	6.68	0.020	58.000	ok	1297	1297	yes	yes			
Q1	let_declaration/follows/expression_statement/stop	small	ryii	store	1	6.62	1.880	113.000	ok							
Q1	let_declaration/follows/expression_statement/stop	small	duckdb	load	1	6.62	0.500	138.000	ok							
Q1	let_declaration/follows/expression_statement/stop	small	sqlite	query	3	6.62	0.050	8.000	ok	2497	2497	reference	reference			
Q1	let_declaration/follows/expression_statement/stop	small	duckdb	query	3	6.62	0.030	67.000	ok	2497	2497	yes	yes			
Q1	let_declaration/follows/expression_statement/field	small	ryii	store	1	6.62	1.750	112.000	ok							
Q1	let_declaration/follows/expression_statement/field	small	duckdb	load	1	6.57	0.510	128.000	ok							
Q1	let_declaration/follows/expression_statement/field	small	sqlite	query	3	6.57	0.020	6.000	ok	0	0	reference	reference			
Q1	let_declaration/follows/expression_statement/field	small	duckdb	query	3	6.57	0.010	50.000	ok	0	0	yes	yes			
Q1	let_declaration/follows/expression_statement/not	small	ryii	store	1	6.57	1.730	118.000	ok							
Q1	let_declaration/follows/expression_statement/not	small	duckdb	load	1	6.57	0.490	125.000	ok							
Q1	let_declaration/follows/expression_statement/not	small	sqlite	query	3	6.57	0.030	10.000	ok	6552	6552	reference	reference			
Q1	let_declaration/follows/expression_statement/not	small	duckdb	query	3	6.57	0.020	65.000	ok	6552	6552	yes	yes			
Q1	let_declaration/nth-child/1	small	ryii	store	1	6.57	1.630	107.000	ok							
Q1	let_declaration/nth-child/1	small	duckdb	load	1	6.57	0.480	128.000	ok							
Q1	let_declaration/nth-child/1	small	sqlite	query	3	6.53	0.020	8.000	ok	3369	3369	reference	reference			
Q1	let_declaration/nth-child/1	small	duckdb	query	3	6.53	0.090	202.000	ok	3369	3369	yes	yes			
Q1	let_declaration/nth-child/1/of	small	ryii	store	1	6.53	1.730	123.000	ok							
Q1	let_declaration/nth-child/1/of	small	duckdb	load	1	6.53	0.490	128.000	ok							
Q1	let_declaration/nth-child/1/of	small	sqlite	query	3	6.53	0.030	9.000	ok	3880	3880	reference	reference			
Q1	let_declaration/nth-child/1/of	small	duckdb	query	3	6.53	0.050	191.000	ok	3880	3880	yes	yes			
Q1	let_declaration/nth-child/2	small	ryii	store	1	6.53	1.600	117.000	ok							
Q1	let_declaration/nth-child/2	small	duckdb	load	1	6.40	0.480	130.000	ok							
Q1	let_declaration/nth-child/2	small	sqlite	query	3	6.40	0.020	7.000	ok	1830	1830	reference	reference			
Q1	let_declaration/nth-child/2	small	duckdb	query	3	6.40	0.090	202.000	ok	1830	1830	yes	yes			
Q1	let_declaration/nth-child/2/of	small	ryii	store	1	6.40	1.740	112.000	ok							
Q1	let_declaration/nth-child/2/of	small	duckdb	load	1	6.40	0.470	128.000	ok							
Q1	let_declaration/nth-child/2/of	small	sqlite	query	3	6.40	0.030	7.000	ok	2033	2033	reference	reference			
Q1	let_declaration/nth-child/2/of	small	duckdb	query	3	6.40	0.040	189.000	ok	2033	2033	yes	yes			
Q1	let_declaration/nth-child/3	small	ryii	store	1	6.40	1.520	112.000	ok							
Q1	let_declaration/nth-child/3	small	duckdb	load	1	6.21	0.460	144.000	ok							
Q1	let_declaration/nth-child/3	small	sqlite	query	3	6.21	0.020	6.000	ok	1121	1121	reference	reference			
Q1	let_declaration/nth-child/3	small	duckdb	query	3	6.21	0.080	205.000	ok	1121	1121	yes	yes			
Q1	let_declaration/nth-child/3/of	small	ryii	store	1	6.21	1.620	108.000	ok							
Q1	let_declaration/nth-child/3/of	small	duckdb	load	1	6.21	0.470	146.000	ok							
Q1	let_declaration/nth-child/3/of	small	sqlite	query	3	6.21	0.020	6.000	ok	1130	1130	reference	reference			
Q1	let_declaration/nth-child/3/of	small	duckdb	query	3	6.21	0.040	188.000	ok	1130	1130	yes	yes			
Q1	block/has/return_expression/default	small	ryii	store	1	6.21	1.640	115.000	ok							
Q1	block/has/return_expression/default	small	duckdb	load	1	6.43	0.480	164.000	ok							
Q1	block/has/return_expression/default	small	sqlite	query	3	6.43	0.020	10.000	ok	2596	2596	reference	reference			
Q1	block/has/return_expression/default	small	duckdb	query	3	6.43	0.020	68.000	ok	2596	2596	yes	yes			
Q1	block/has/return_expression/neighbor	small	ryii	store	1	6.43	1.780	118.000	ok							
Q1	block/has/return_expression/neighbor	small	duckdb	load	1	6.43	0.490	149.000	ok							
Q1	block/has/return_expression/neighbor	small	sqlite	query	3	6.43	0.110	6.000	ok	34	34	reference	reference			
Q1	block/has/return_expression/neighbor	small	duckdb	query	3	6.43	0.020	55.000	ok	34	34	yes	yes			
Q1	block/has/return_expression/stop	small	ryii	store	1	6.43	1.810	120.000	ok							
Q1	block/has/return_expression/stop	small	duckdb	load	1	6.32	0.490	142.000	ok							
Q1	block/has/return_expression/stop	small	sqlite	query	3	6.32	0.020	7.000	ok	1459	1459	reference	reference			
Q1	block/has/return_expression/stop	small	duckdb	query	3	6.32	0.030	75.000	ok	1459	1459	yes	yes			
Q1	block/has/return_expression/field	small	ryii	store	1	6.32	1.670	115.000	ok							
Q1	block/has/return_expression/field	small	duckdb	load	1	6.32	0.490	145.000	ok							
Q1	block/has/return_expression/field	small	sqlite	query	3	6.32	0.020	6.000	ok	0	0	reference	reference			
Q1	block/has/return_expression/field	small	duckdb	query	3	6.32	0.010	45.000	ok	0	0	yes	yes			
Q1	block/has/return_expression/not	small	ryii	store	1	6.32	1.700	128.000	ok							
Q1	block/has/return_expression/not	small	duckdb	load	1	6.37	0.480	139.000	ok							
Q1	block/has/return_expression/not	small	sqlite	query	3	6.37	0.030	16.000	ok	10022	10022	reference	reference			
Q1	block/has/return_expression/not	small	duckdb	query	3	6.37	0.030	80.000	ok	10022	10022	yes	yes			
Q1	block/has-ancestor/return_expression/default	small	ryii	store	1	6.37	1.660	115.000	ok							
Q1	block/has-ancestor/return_expression/default	small	duckdb	load	1	6.37	0.470	133.000	ok							
Q1	block/has-ancestor/return_expression/default	small	sqlite	query	3	6.37	0.050	6.000	ok	17	17	reference	reference			
Q1	block/has-ancestor/return_expression/default	small	duckdb	query	3	6.37	0.030	61.000	ok	17	17	yes	yes			
Q1	block/has-ancestor/return_expression/neighbor	small	ryii	store	1	6.37	1.680	121.000	ok							
Q1	block/has-ancestor/return_expression/neighbor	small	duckdb	load	1	6.34	0.490	134.000	ok							
Q1	block/has-ancestor/return_expression/neighbor	small	sqlite	query	3	6.34	0.020	6.000	ok	0	0	reference	reference			
Q1	block/has-ancestor/return_expression/neighbor	small	duckdb	query	3	6.34	0.020	49.000	ok	0	0	yes	yes			
Q1	block/has-ancestor/return_expression/stop	small	ryii	store	1	6.34	1.860	123.000	ok							
Q1	block/has-ancestor/return_expression/stop	small	duckdb	load	1	6.34	0.500	141.000	ok							
Q1	block/has-ancestor/return_expression/stop	small	sqlite	query	3	6.34	0.060	6.000	ok	17	17	reference	reference			
Q1	block/has-ancestor/return_expression/stop	small	duckdb	query	3	6.34	0.030	76.000	ok	17	17	yes	yes			
Q1	block/has-ancestor/return_expression/field	small	ryii	store	1	6.34	1.770	119.000	ok							
Q1	block/has-ancestor/return_expression/field	small	duckdb	load	1	6.32	0.500	136.000	ok							
Q1	block/has-ancestor/return_expression/field	small	sqlite	query	3	6.32	0.060	6.000	ok	0	0	reference	reference			
Q1	block/has-ancestor/return_expression/field	small	duckdb	query	3	6.32	0.020	56.000	ok	0	0	yes	yes			
Q1	block/has-ancestor/return_expression/not	small	ryii	store	1	6.32	1.790	129.000	ok							
Q1	block/has-ancestor/return_expression/not	small	duckdb	load	1	6.32	0.500	150.000	ok							
Q1	block/has-ancestor/return_expression/not	small	sqlite	query	3	6.32	0.070	22.000	ok	12601	12601	reference	reference			
Q1	block/has-ancestor/return_expression/not	small	duckdb	query	3	6.32	0.040	92.000	ok	12601	12601	yes	yes			
Q1	block/has-parent/return_expression/default	small	ryii	store	1	6.32	1.720	119.000	ok							
Q1	block/has-parent/return_expression/default	small	duckdb	load	1	6.29	0.510	148.000	ok							
Q1	block/has-parent/return_expression/default	small	sqlite	query	3	6.29	0.020	6.000	ok	0	0	reference	reference			
Q1	block/has-parent/return_expression/default	small	duckdb	query	3	6.29	0.020	50.000	ok	0	0	yes	yes			
Q1	block/has-parent/return_expression/field	small	ryii	store	1	6.29	1.740	116.000	ok							
Q1	block/has-parent/return_expression/field	small	duckdb	load	1	6.29	0.510	140.000	ok							
Q1	block/has-parent/return_expression/field	small	sqlite	query	3	6.29	0.020	6.000	ok	0	0	reference	reference			
Q1	block/has-parent/return_expression/field	small	duckdb	query	3	6.29	0.020	48.000	ok	0	0	yes	yes			
Q1	block/has-parent/return_expression/not	small	ryii	store	1	6.29	1.750	133.000	ok							
Q1	block/has-parent/return_expression/not	small	duckdb	load	1	6.11	0.500	138.000	ok							
Q1	block/has-parent/return_expression/not	small	sqlite	query	3	6.11	0.030	22.000	ok	12618	12618	reference	reference			
Q1	block/has-parent/return_expression/not	small	duckdb	query	3	6.11	0.040	91.000	ok	12618	12618	yes	yes			
Q1	block/precedes/return_expression/default	small	ryii	store	1	6.11	1.730	117.000	ok							
Q1	block/precedes/return_expression/default	small	duckdb	load	1	6.11	0.480	139.000	ok							
Q1	block/precedes/return_expression/default	small	sqlite	query	3	6.11	0.020	6.000	ok	0	0	reference	reference			
Q1	block/precedes/return_expression/default	small	duckdb	query	3	6.11	0.020	57.000	ok	0	0	yes	yes			
Q1	block/precedes/return_expression/neighbor	small	ryii	store	1	6.11	1.790	120.000	ok							
Q1	block/precedes/return_expression/neighbor	small	duckdb	load	1	6.26	0.500	134.000	ok							
Q1	block/precedes/return_expression/neighbor	small	sqlite	query	3	6.26	0.090	7.000	ok	0	0	reference	reference			
Q1	block/precedes/return_expression/neighbor	small	duckdb	query	3	6.26	0.020	57.000	ok	0	0	yes	yes			
Q1	block/precedes/return_expression/stop	small	ryii	store	1	6.26	1.780	113.000	ok							
Q1	block/precedes/return_expression/stop	small	duckdb	load	1	6.26	0.490	136.000	ok							
Q1	block/precedes/return_expression/stop	small	sqlite	query	3	6.16	0.020	7.000	ok	0	0	reference	reference			
Q1	block/precedes/return_expression/stop	small	duckdb	query	3	6.16	0.020	55.000	ok	0	0	yes	yes			
Q1	block/precedes/return_expression/field	small	ryii	store	1	6.16	1.710	118.000	ok							
Q1	block/precedes/return_expression/field	small	duckdb	load	1	6.16	0.500	132.000	ok							
Q1	block/precedes/return_expression/field	small	sqlite	query	3	6.16	0.020	6.000	ok	0	0	reference	reference			
Q1	block/precedes/return_expression/field	small	duckdb	query	3	6.16	0.020	50.000	ok	0	0	yes	yes			
Q1	block/precedes/return_expression/not	small	ryii	store	1	6.16	1.750	141.000	ok							
Q1	block/precedes/return_expression/not	small	duckdb	load	1	6.16	0.490	147.000	ok							
Q1	block/precedes/return_expression/not	small	sqlite	query	3	6.14	0.040	22.000	ok	12618	12618	reference	reference			
Q1	block/precedes/return_expression/not	small	duckdb	query	3	6.14	0.030	95.000	ok	12618	12618	yes	yes			
Q1	block/follows/return_expression/default	small	ryii	store	1	6.14	1.710	109.000	ok							
Q1	block/follows/return_expression/default	small	duckdb	load	1	6.14	0.500	134.000	ok							
Q1	block/follows/return_expression/default	small	sqlite	query	3	6.14	0.030	6.000	ok	0	0	reference	reference			
Q1	block/follows/return_expression/default	small	duckdb	query	3	6.14	0.020	56.000	ok	0	0	yes	yes			
Q1	block/follows/return_expression/neighbor	small	ryii	store	1	6.14	1.740	109.000	ok							
Q1	block/follows/return_expression/neighbor	small	duckdb	load	1	6.14	0.500	143.000	ok							
Q1	block/follows/return_expression/neighbor	small	sqlite	query	3	6.05	0.100	6.000	ok	0	0	reference	reference			
Q1	block/follows/return_expression/neighbor	small	duckdb	query	3	6.05	0.020	54.000	ok	0	0	yes	yes			
Q1	block/follows/return_expression/stop	small	ryii	store	1	6.05	1.850	122.000	ok							
Q1	block/follows/return_expression/stop	small	duckdb	load	1	6.05	0.510	141.000	ok							
Q1	block/follows/return_expression/stop	small	sqlite	query	3	6.05	0.040	6.000	ok	0	0	reference	reference			
Q1	block/follows/return_expression/stop	small	duckdb	query	3	6.05	0.020	55.000	ok	0	0	yes	yes			
Q1	block/follows/return_expression/field	small	ryii	store	1	6.05	1.740	118.000	ok							
Q1	block/follows/return_expression/field	small	duckdb	load	1	6.13	0.500	135.000	ok							
Q1	block/follows/return_expression/field	small	sqlite	query	3	6.13	0.030	6.000	ok	0	0	reference	reference			
Q1	block/follows/return_expression/field	small	duckdb	query	3	6.13	0.010	49.000	ok	0	0	yes	yes			
Q1	block/follows/return_expression/not	small	ryii	store	1	6.13	1.800	134.000	ok							
Q1	block/follows/return_expression/not	small	duckdb	load	1	6.13	0.480	147.000	ok							
Q1	block/follows/return_expression/not	small	sqlite	query	3	6.13	0.040	22.000	ok	12618	12618	reference	reference			
Q1	block/follows/return_expression/not	small	duckdb	query	3	6.13	0.030	94.000	ok	12618	12618	yes	yes			
Q1	block/nth-child/1	small	ryii	store	1	6.13	1.710	116.000	ok							
Q1	block/nth-child/1	small	duckdb	load	1	6.04	0.480	146.000	ok							
Q1	block/nth-child/1	small	sqlite	query	3	6.04	0.020	7.000	ok	596	596	reference	reference			
Q1	block/nth-child/1	small	duckdb	query	3	6.04	0.090	209.000	ok	596	596	yes	yes			
Q1	block/nth-child/1/of	small	ryii	store	1	6.04	1.700	130.000	ok							
Q1	block/nth-child/1/of	small	duckdb	load	1	6.04	0.490	146.000	ok							
Q1	block/nth-child/1/of	small	sqlite	query	3	6.04	0.040	22.000	ok	12618	12618	reference	reference			
Q1	block/nth-child/1/of	small	duckdb	query	3	6.04	0.080	204.000	ok	12618	12618	yes	yes			
Q1	block/nth-child/2	small	ryii	store	1	6.04	1.550	121.000	ok							
Q1	block/nth-child/2	small	duckdb	load	1	6.03	0.470	146.000	ok							
Q1	block/nth-child/2	small	sqlite	query	3	6.03	0.030	11.000	ok	5887	5887	reference	reference			
Q1	block/nth-child/2	small	duckdb	query	3	6.03	0.090	212.000	ok	5887	5887	yes	yes			
Q1	block/nth-child/2/of	small	ryii	store	1	6.03	1.670	111.000	ok							
Q1	block/nth-child/2/of	small	duckdb	load	1	6.03	0.480	159.000	ok							
Q1	block/nth-child/2/of	small	sqlite	query	3	6.03	0.030	6.000	ok	0	0	reference	reference			
Q1	block/nth-child/2/of	small	duckdb	query	3	6.03	0.040	182.000	ok	0	0	yes	yes			
Q1	block/nth-child/3	small	ryii	store	1	6.03	1.550	120.000	ok							
Q1	block/nth-child/3	small	duckdb	load	1	6.03	0.470	151.000	ok							
Q1	block/nth-child/3	small	sqlite	query	3	6.03	0.020	11.000	ok	3278	3278	reference	reference			
Q1	block/nth-child/3	small	duckdb	query	3	6.03	0.080	209.000	ok	3278	3278	yes	yes			
Q1	block/nth-child/3/of	small	ryii	store	1	6.03	1.670	116.000	ok							
Q1	block/nth-child/3/of	small	duckdb	load	1	6.03	0.480	141.000	ok							
Q1	block/nth-child/3/of	small	sqlite	query	3	6.03	0.030	6.000	ok	0	0	reference	reference			
Q1	block/nth-child/3/of	small	duckdb	query	3	6.03	0.050	184.000	ok	0	0	yes	yes			
Q1	match_arm/has/macro_invocation/default	small	ryii	store	1	6.03	1.580	109.000	ok							
Q1	match_arm/has/macro_invocation/default	small	duckdb	load	1	6.27	0.460	130.000	ok							
Q1	match_arm/has/macro_invocation/default	small	sqlite	query	3	6.27	0.010	6.000	ok	426	426	reference	reference			
Q1	match_arm/has/macro_invocation/default	small	duckdb	query	3	6.27	0.020	51.000	ok	426	426	yes	yes			
Q1	match_arm/has/macro_invocation/neighbor	small	ryii	store	1	6.27	1.610	112.000	ok							
Q1	match_arm/has/macro_invocation/neighbor	small	duckdb	load	1	6.27	0.460	136.000	ok							
Q1	match_arm/has/macro_invocation/neighbor	small	sqlite	query	3	6.27	0.060	6.000	ok	137	137	reference	reference			
Q1	match_arm/has/macro_invocation/neighbor	small	duckdb	query	3	6.27	0.020	46.000	ok	137	137	yes	yes			
Q1	match_arm/has/macro_invocation/stop	small	ryii	store	1	6.27	1.700	116.000	ok							
Q1	match_arm/has/macro_invocation/stop	small	duckdb	load	1	6.17	0.460	137.000	ok							
Q1	match_arm/has/macro_invocation/stop	small	sqlite	query	3	6.17	0.010	6.000	ok	201	201	reference	reference			
Q1	match_arm/has/macro_invocation/stop	small	duckdb	query	3	6.17	0.020	62.000	ok	201	201	yes	yes			
Q1	match_arm/has/macro_invocation/field	small	ryii	store	1	6.17	1.590	114.000	ok							
Q1	match_arm/has/macro_invocation/field	small	duckdb	load	1	6.17	0.460	132.000	ok							
Q1	match_arm/has/macro_invocation/field	small	sqlite	query	3	6.17	0.010	5.000	ok	26	26	reference	reference			
Q1	match_arm/has/macro_invocation/field	small	duckdb	query	3	6.17	0.020	48.000	ok	26	26	yes	yes			
Q1	match_arm/has/macro_invocation/not	small	ryii	store	1	6.17	1.590	110.000	ok							
Q1	match_arm/has/macro_invocation/not	small	duckdb	load	1	6.23	0.460	130.000	ok							
Q1	match_arm/has/macro_invocation/not	small	sqlite	query	3	6.23	0.010	8.000	ok	4396	4396	reference	reference			
Q1	match_arm/has/macro_invocation/not	small	duckdb	query	3	6.23	0.020	56.000	ok	4396	4396	yes	yes			
Q1	match_arm/has-ancestor/macro_invocation/default	small	ryii	store	1	6.23	1.590	106.000	ok							
Q1	match_arm/has-ancestor/macro_invocation/default	small	duckdb	load	1	6.23	0.460	144.000	ok							
Q1	match_arm/has-ancestor/macro_invocation/default	small	sqlite	query	3	6.23	0.020	6.000	ok	0	0	reference	reference			
Q1	match_arm/has-ancestor/macro_invocation/default	small	duckdb	query	3	6.23	0.020	48.000	ok	0	0	yes	yes			
Q1	match_arm/has-ancestor/macro_invocation/neighbor	small	ryii	store	1	6.23	1.710	107.000	ok							
Q1	match_arm/has-ancestor/macro_invocation/neighbor	small	duckdb	load	1	6.13	0.490	128.000	ok							
Q1	match_arm/has-ancestor/macro_invocation/neighbor	small	sqlite	query	3	6.13	0.010	6.000	ok	0	0	reference	reference			
Q1	match_arm/has-ancestor/macro_invocation/neighbor	small	duckdb	query	3	6.13	0.020	44.000	ok	0	0	yes	yes			
Q1	match_arm/has-ancestor/macro_invocation/stop	small	ryii	store	1	6.13	1.780	115.000	ok							
Q1	match_arm/has-ancestor/macro_invocation/stop	small	duckdb	load	1	6.13	0.490	129.000	ok							
Q1	match_arm/has-ancestor/macro_invocation/stop	small	sqlite	query	3	6.13	0.020	6.000	ok	0	0	reference	reference			
Q1	match_arm/has-ancestor/macro_invocation/stop	small	duckdb	query	3	6.13	0.020	53.000	ok	0	0	yes	yes			
Q1	match_arm/has-ancestor/macro_invocation/field	small	ryii	store	1	6.13	1.690	110.000	ok							
Q1	match_arm/has-ancestor/macro_invocation/field	small	duckdb	load	1	5.88	0.510	143.000	ok							
Q1	match_arm/has-ancestor/macro_invocation/field	small	sqlite	query	3	5.88	0.020	6.000	ok	0	0	reference	reference			
Q1	match_arm/has-ancestor/macro_invocation/field	small	duckdb	query	3	5.88	0.020	53.000	ok	0	0	yes	yes			
Q1	match_arm/has-ancestor/macro_invocation/not	small	ryii	store	1	5.88	1.740	118.000	ok							
Q1	match_arm/has-ancestor/macro_invocation/not	small	duckdb	load	1	5.88	0.500	138.000	ok							
Q1	match_arm/has-ancestor/macro_invocation/not	small	sqlite	query	3	5.88	0.030	9.000	ok	4822	4822	reference	reference			
Q1	match_arm/has-ancestor/macro_invocation/not	small	duckdb	query	3	5.88	0.020	56.000	ok	4822	4822	yes	yes			
Q1	match_arm/has-parent/macro_invocation/default	small	ryii	store	1	5.88	1.670	116.000	ok							
Q1	match_arm/has-parent/macro_invocation/default	small	duckdb	load	1	6.05	0.500	160.000	ok							
Q1	match_arm/has-parent/macro_invocation/default	small	sqlite	query	3	6.05	0.010	6.000	ok	0	0	reference	reference			
Q1	match_arm/has-parent/macro_invocation/default	small	duckdb	query	3	6.05	0.020	44.000	ok	0	0	yes	yes			
Q1	match_arm/has-parent/macro_invocation/field	small	ryii	store	1	6.05	1.640	116.000	ok							
Q1	match_arm/has-parent/macro_invocation/field	small	duckdb	load	1	6.05	0.490	143.000	ok							
Q1	match_arm/has-parent/macro_invocation/field	small	sqlite	query	3	6.05	0.010	6.000	ok	0	0	reference	reference			
Q1	match_arm/has-parent/macro_invocation/field	small	duckdb	query	3	6.05	0.020	43.000	ok	0	0	yes	yes			
Q1	match_arm/has-parent/macro_invocation/not	small	ryii	store	1	6.05	1.620	114.000	ok							
Q1	match_arm/has-parent/macro_invocation/not	small	duckdb	load	1	6.05	0.480	137.000	ok							
Q1	match_arm/has-parent/macro_invocation/not	small	sqlite	query	3	6.05	0.010	9.000	ok	4822	4822	reference	reference			
Q1	match_arm/has-parent/macro_invocation/not	small	duckdb	query	3	6.05	0.020	53.000	ok	4822	4822	yes	yes			
Q1	match_arm/precedes/macro_invocation/default	small	ryii	store	1	6.05	1.690	111.000	ok							
Q1	match_arm/precedes/macro_invocation/default	small	duckdb	load	1	6.05	0.480	146.000	ok							
Q1	match_arm/precedes/macro_invocation/default	small	sqlite	query	3	6.05	0.020	6.000	ok	0	0	reference	reference			
Q1	match_arm/precedes/macro_invocation/default	small	duckdb	query	3	6.05	0.020	52.000	ok	0	0	yes	yes			
Q1	match_arm/precedes/macro_invocation/neighbor	small	ryii	store	1	6.05	1.650	111.000	ok							
Q1	match_arm/precedes/macro_invocation/neighbor	small	duckdb	load	1	6.05	0.480	129.000	ok							
Q1	match_arm/precedes/macro_invocation/neighbor	small	sqlite	query	3	6.20	0.040	6.000	ok	0	0	reference	reference			
Q1	match_arm/precedes/macro_invocation/neighbor	small	duckdb	query	3	6.20	0.020	52.000	ok	0	0	yes	yes			
Q1	match_arm/precedes/macro_invocation/stop	small	ryii	store	1	6.20	1.940	111.000	ok							
Q1	match_arm/precedes/macro_invocation/stop	small	duckdb	load	1	6.20	0.480	138.000	ok							
Q1	match_arm/precedes/macro_invocation/stop	small	sqlite	query	3	6.20	0.220	6.000	ok	0	0	reference	reference			
Q1	match_arm/precedes/macro_invocation/stop	small	duckdb	query	3	6.20	0.020	51.000	ok	0	0	yes	yes			
Q1	match_arm/precedes/macro_invocation/field	small	ryii	store	1	6.20	1.620	116.000	ok							
Q1	match_arm/precedes/macro_invocation/field	small	duckdb	load	1	6.35	0.480	134.000	ok							
Q1	match_arm/precedes/macro_invocation/field	small	sqlite	query	3	6.35	0.020	6.000	ok	0	0	reference	reference			
Q1	match_arm/precedes/macro_invocation/field	small	duckdb	query	3	6.35	0.010	42.000	ok	0	0	yes	yes			
Q1	match_arm/precedes/macro_invocation/not	small	ryii	store	1	6.35	1.630	116.000	ok							
Q1	match_arm/precedes/macro_invocation/not	small	duckdb	load	1	6.35	0.470	127.000	ok							
Q1	match_arm/precedes/macro_invocation/not	small	sqlite	query	3	6.35	0.020	9.000	ok	4822	4822	reference	reference			
Q1	match_arm/precedes/macro_invocation/not	small	duckdb	query	3	6.35	0.020	59.000	ok	4822	4822	yes	yes			
Q1	match_arm/follows/macro_invocation/default	small	ryii	store	1	6.35	1.610	109.000	ok							
Q1	match_arm/follows/macro_invocation/default	small	duckdb	load	1	6.32	0.470	141.000	ok							
Q1	match_arm/follows/macro_invocation/default	small	sqlite	query	3	6.32	0.020	6.000	ok	0	0	reference	reference			
Q1	match_arm/follows/macro_invocation/default	small	duckdb	query	3	6.32	0.020	51.000	ok	0	0	yes	yes			
Q1	match_arm/follows/macro_invocation/neighbor	small	ryii	store	1	6.32	1.700	116.000	ok							
Q1	match_arm/follows/macro_invocation/neighbor	small	duckdb	load	1	6.32	0.480	128.000	ok							
Q1	match_arm/follows/macro_invocation/neighbor	small	sqlite	query	3	6.32	0.040	6.000	ok	0	0	reference	reference			
Q1	match_arm/follows/macro_invocation/neighbor	small	duckdb	query	3	6.32	0.020	52.000	ok	0	0	yes	yes			
Q1	match_arm/follows/macro_invocation/stop	small	ryii	store	1	6.32	1.920	118.000	ok							
Q1	match_arm/follows/macro_invocation/stop	small	duckdb	load	1	6.37	0.480	139.000	ok							
Q1	match_arm/follows/macro_invocation/stop	small	sqlite	query	3	6.37	0.230	6.000	ok	0	0	reference	reference			
Q1	match_arm/follows/macro_invocation/stop	small	duckdb	query	3	6.37	0.020	51.000	ok	0	0	yes	yes			
Q1	match_arm/follows/macro_invocation/field	small	ryii	store	1	6.37	1.660	106.000	ok							
Q1	match_arm/follows/macro_invocation/field	small	duckdb	load	1	6.37	0.480	142.000	ok							
Q1	match_arm/follows/macro_invocation/field	small	sqlite	query	3	6.37	0.020	6.000	ok	0	0	reference	reference			
Q1	match_arm/follows/macro_invocation/field	small	duckdb	query	3	6.37	0.010	45.000	ok	0	0	yes	yes			
Q1	match_arm/follows/macro_invocation/not	small	ryii	store	1	6.37	1.660	115.000	ok							
Q1	match_arm/follows/macro_invocation/not	small	duckdb	load	1	6.74	0.490	129.000	ok							
Q1	match_arm/follows/macro_invocation/not	small	sqlite	query	3	6.74	0.020	9.000	ok	4822	4822	reference	reference			
Q1	match_arm/follows/macro_invocation/not	small	duckdb	query	3	6.74	0.020	62.000	ok	4822	4822	yes	yes			
Q1	match_arm/nth-child/1	small	ryii	store	1	6.74	1.600	119.000	ok							
Q1	match_arm/nth-child/1	small	duckdb	load	1	6.74	0.490	145.000	ok							
Q1	match_arm/nth-child/1	small	sqlite	query	3	6.74	0.010	7.000	ok	1305	1305	reference	reference			
Q1	match_arm/nth-child/1	small	duckdb	query	3	6.74	0.090	203.000	ok	1305	1305	yes	yes			
Q1	match_arm/nth-child/1/of	small	ryii	store	1	6.74	1.700	114.000	ok							
Q1	match_arm/nth-child/1/of	small	duckdb	load	1	7.00	0.490	136.000	ok							
Q1	match_arm/nth-child/1/of	small	sqlite	query	3	7.00	0.020	7.000	ok	1319	1319	reference	reference			
Q1	match_arm/nth-child/1/of	small	duckdb	query	3	7.00	0.050	187.000	ok	1319	1319	yes	yes			
Q1	match_arm/nth-child/2	small	ryii	store	1	7.00	1.540	108.000	ok							
Q1	match_arm/nth-child/2	small	duckdb	load	1	7.00	0.490	142.000	ok							
Q1	match_arm/nth-child/2	small	sqlite	query	3	7.00	0.010	7.000	ok	1280	1280	reference	reference			
Q1	match_arm/nth-child/2	small	duckdb	query	3	7.00	0.090	202.000	ok	1280	1280	yes	yes			
Q1	match_arm/nth-child/2/of	small	ryii	store	1	7.00	1.650	117.000	ok							
Q1	match_arm/nth-child/2/of	small	duckdb	load	1	6.92	0.470	142.000	ok							
Q1	match_arm/nth-child/2/of	small	sqlite	query	3	6.92	0.020	7.000	ok	1307	1307	reference	reference			
Q1	match_arm/nth-child/2/of	small	duckdb	query	3	6.92	0.050	184.000	ok	1307	1307	yes	yes			
Q1	match_arm/nth-child/3	small	ryii	store	1	6.92	1.540	115.000	ok							
Q1	match_arm/nth-child/3	small	duckdb	load	1	6.92	0.480	160.000	ok							
Q1	match_arm/nth-child/3	small	sqlite	query	3	6.92	0.010	6.000	ok	647	647	reference	reference			
Q1	match_arm/nth-child/3	small	duckdb	query	3	6.92	0.080	199.000	ok	647	647	yes	yes			
Q1	match_arm/nth-child/3/of	small	ryii	store	1	6.92	1.670	113.000	ok							
Q1	match_arm/nth-child/3/of	small	duckdb	load	1	6.77	0.490	130.000	ok							
Q1	match_arm/nth-child/3/of	small	sqlite	query	3	6.77	0.020	7.000	ok	673	673	reference	reference			
Q1	match_arm/nth-child/3/of	small	duckdb	query	3	6.77	0.050	187.000	ok	673	673	yes	yes			
Q1	field_expression/has/call_expression/default	small	ryii	store	1	6.77	1.860	121.000	ok							
Q1	field_expression/has/call_expression/default	small	duckdb	load	1	6.77	0.540	150.000	ok							
Q1	field_expression/has/call_expression/default	small	sqlite	query	3	6.77	0.060	11.000	ok	8689	8689	reference	reference			
Q1	field_expression/has/call_expression/default	small	duckdb	query	3	6.77	0.060	73.000	ok	8689	8689	yes	yes			
Q1	field_expression/has/call_expression/neighbor	small	ryii	store	1	7.43	9.550	108.000	ok							
Q1	field_expression/has/call_expression/neighbor	small	duckdb	load	1	7.63	0.550	151.000	ok							
Q1	field_expression/has/call_expression/neighbor	small	sqlite	query	3	7.50	8.600	11.000	ok	8362	8362	reference	reference			
Q1	field_expression/has/call_expression/neighbor	small	duckdb	query	3	7.05	0.030	68.000	ok	8362	8362	yes	yes			
Q1	field_expression/has/call_expression/stop	small	ryii	store	1	6.81	2.000	126.000	ok							
Q1	field_expression/has/call_expression/stop	small	duckdb	load	1	6.81	0.510	140.000	ok							
Q1	field_expression/has/call_expression/stop	small	sqlite	query	3	6.81	0.060	10.000	ok	8688	8688	reference	reference			
Q1	field_expression/has/call_expression/stop	small	duckdb	query	3	6.81	0.070	88.000	ok	8688	8688	yes	yes			
Q1	field_expression/has/call_expression/field	small	ryii	store	1	6.81	1.770	114.000	ok							
Q1	field_expression/has/call_expression/field	small	duckdb	load	1	6.81	0.500	141.000	ok							
Q1	field_expression/has/call_expression/field	small	sqlite	query	3	6.75	0.050	7.000	ok	843	843	reference	reference			
Q1	field_expression/has/call_expression/field	small	duckdb	query	3	6.75	0.040	123.000	ok	843	843	yes	yes			
Q1	field_expression/has/call_expression/not	small	ryii	store	1	6.75	1.810	153.000	ok							
Q1	field_expression/has/call_expression/not	small	duckdb	load	1	6.75	0.510	132.000	ok							
Q1	field_expression/has/call_expression/not	small	sqlite	query	3	6.75	0.080	17.000	ok	31741	31741	reference	reference			
Q1	field_expression/has/call_expression/not	small	duckdb	query	3	6.75	0.070	93.000	ok	31741	31741	yes	yes			
Q1	field_expression/has-ancestor/call_expression/default	small	ryii	store	1	6.75	6.170	155.000	ok							
Q1	field_expression/has-ancestor/call_expression/default	small	duckdb	load	1	6.72	0.520	132.000	ok							
Q1	field_expression/has-ancestor/call_expression/default	small	sqlite	query	3	6.72	4.740	20.000	ok	37976	37976	reference	reference			
Q1	field_expression/has-ancestor/call_expression/default	small	duckdb	query	3	6.46	0.080	99.000	ok	37976	37976	yes	yes			
Q1	field_expression/has-ancestor/call_expression/neighbor	small	ryii	store	1	6.23	2.040	141.000	ok							
Q1	field_expression/has-ancestor/call_expression/neighbor	small	duckdb	load	1	6.23	0.570	140.000	ok							
Q1	field_expression/has-ancestor/call_expression/neighbor	small	sqlite	query	3	6.23	0.080	17.000	ok	27475	27475	reference	reference			
Q1	field_expression/has-ancestor/call_expression/neighbor	small	duckdb	query	3	6.23	0.040	92.000	ok	27475	27475	yes	yes			
Q1	field_expression/has-ancestor/call_expression/stop	small	ryii	store	1	6.23	6.500	118.000	ok							
Q1	field_expression/has-ancestor/call_expression/stop	small	duckdb	load	1	6.29	0.550	155.000	ok							
Q1	field_expression/has-ancestor/call_expression/stop	small	sqlite	query	3	6.29	4.920	21.000	ok	37649	37649	reference	reference			
Q1	field_expression/has-ancestor/call_expression/stop	small	duckdb	query	3	6.63	0.090	118.000	ok	37649	37649	yes	yes			
Q1	field_expression/has-ancestor/call_expression/field	small	ryii	store	1	6.34	37.550	112.000	ok							
Q1	field_expression/has-ancestor/call_expression/field	small	duckdb	load	1	5.94	0.600	149.000	ok							
Q1	field_expression/has-ancestor/call_expression/field	small	sqlite	query	1	5.94	38.750	6.000	ok	0	0	reference	reference			
Q1	field_expression/has-ancestor/call_expression/field	small	duckdb	query	3	5.57	0.030	67.000	ok	0	0	yes	yes			
Q1	field_expression/has-ancestor/call_expression/not	small	ryii	store	1	5.01	6.070	111.000	ok							
Q1	field_expression/has-ancestor/call_expression/not	small	duckdb	load	1	5.09	0.540	170.000	ok							
Q1	field_expression/has-ancestor/call_expression/not	small	sqlite	query	3	5.09	4.660	7.000	ok	2454	2454	reference	reference			
Q1	field_expression/has-ancestor/call_expression/not	small	duckdb	query	3	4.63	0.060	61.000	ok	2454	2454	yes	yes			
Q1	field_expression/has-parent/call_expression/default	small	ryii	store	1	4.58	2.010	137.000	ok							
Q1	field_expression/has-parent/call_expression/default	small	duckdb	load	1	4.58	0.530	134.000	ok							
Q1	field_expression/has-parent/call_expression/default	small	sqlite	query	3	4.45	0.070	16.000	ok	27475	27475	reference	reference			
Q1	field_expression/has-parent/call_expression/default	small	duckdb	query	3	4.45	0.040	90.000	ok	27475	27475	yes	yes			
Q1	field_expression/has-parent/call_expression/field	small	ryii	store	1	4.45	1.840	120.000	ok							
Q1	field_expression/has-parent/call_expression/field	small	duckdb	load	1	4.45	0.540	141.000	ok							
Q1	field_expression/has-parent/call_expression/field	small	sqlite	query	3	4.45	0.040	6.000	ok	0	0	reference	reference			
Q1	field_expression/has-parent/call_expression/field	small	duckdb	query	3	4.45	0.020	55.000	ok	0	0	yes	yes			
Q1	field_expression/has-parent/call_expression/not	small	ryii	store	1	4.45	1.900	130.000	ok							
Q1	field_expression/has-parent/call_expression/not	small	duckdb	load	1	4.33	0.520	132.000	ok							
Q1	field_expression/has-parent/call_expression/not	small	sqlite	query	3	4.33	0.060	10.000	ok	12955	12955	reference	reference			
Q1	field_expression/has-parent/call_expression/not	small	duckdb	query	3	4.33	0.030	73.000	ok	12955	12955	yes	yes			
Q1	field_expression/precedes/call_expression/default	small	ryii	store	1	4.33	1.960	107.000	ok							
Q1	field_expression/precedes/call_expression/default	small	duckdb	load	1	4.33	0.530	152.000	ok							
Q1	field_expression/precedes/call_expression/default	small	sqlite	query	3	4.33	0.060	6.000	ok	375	375	reference	reference			
Q1	field_expression/precedes/call_expression/default	small	duckdb	query	3	4.33	0.030	67.000	ok	375	375	yes	yes			
Q1	field_expression/precedes/call_expression/neighbor	small	ryii	store	1	4.33	7.770	114.000	ok							
Q1	field_expression/precedes/call_expression/neighbor	small	duckdb	load	1	4.28	0.540	144.000	ok							
Q1	field_expression/precedes/call_expression/neighbor	small	sqlite	query	3	4.28	6.730	6.000	ok	343	343	reference	reference			
Q1	field_expression/precedes/call_expression/neighbor	small	duckdb	query	3	4.08	0.030	68.000	ok	343	343	yes	yes			
Q1	field_expression/precedes/call_expression/stop	small	ryii	store	1	4.07	2.020	109.000	ok							
Q1	field_expression/precedes/call_expression/stop	small	duckdb	load	1	4.06	0.530	145.000	ok							
Q1	field_expression/precedes/call_expression/stop	small	sqlite	query	3	4.06	0.080	7.000	ok	375	375	reference	reference			
Q1	field_expression/precedes/call_expression/stop	small	duckdb	query	3	4.06	0.030	71.000	ok	375	375	yes	yes			
Q1	field_expression/precedes/call_expression/field	small	ryii	store	1	4.06	1.900	115.000	ok							
Q1	field_expression/precedes/call_expression/field	small	duckdb	load	1	4.06	0.520	145.000	ok							
Q1	field_expression/precedes/call_expression/field	small	sqlite	query	3	5.18	0.070	6.000	ok	0	0	reference	reference			
Q1	field_expression/precedes/call_expression/field	small	duckdb	query	3	5.18	0.020	58.000	ok	0	0	yes	yes			
Q1	field_expression/precedes/call_expression/not	small	ryii	store	1	5.18	1.950	163.000	ok							
Q1	field_expression/precedes/call_expression/not	small	duckdb	load	1	5.18	0.530	125.000	ok							
Q1	field_expression/precedes/call_expression/not	small	sqlite	query	3	5.18	0.100	20.000	ok	40055	40055	reference	reference			
Q1	field_expression/precedes/call_expression/not	small	duckdb	query	3	5.18	0.050	100.000	ok	40055	40055	yes	yes			
Q1	field_expression/follows/call_expression/default	small	ryii	store	1	5.18	1.840	112.000	ok							
Q1	field_expression/follows/call_expression/default	small	duckdb	load	1	5.09	0.510	127.000	ok							
Q1	field_expression/follows/call_expression/default	small	sqlite	query	3	5.09	0.050	5.000	ok	183	183	reference	reference			
Q1	field_expression/follows/call_expression/default	small	duckdb	query	3	5.09	0.030	67.000	ok	183	183	yes	yes			
Q1	field_expression/follows/call_expression/neighbor	small	ryii	store	1	5.09	7.710	116.000	ok							
Q1	field_expression/follows/call_expression/neighbor	small	duckdb	load	1	5.00	0.530	139.000	ok							
Q1	field_expression/follows/call_expression/neighbor	small	sqlite	query	3	4.92	6.960	6.000	ok	160	160	reference	reference			
Q1	field_expression/follows/call_expression/neighbor	small	duckdb	query	3	4.96	0.030	67.000	ok	160	160	yes	yes			
Q1	field_expression/follows/call_expression/stop	small	ryii	store	1	4.81	2.060	121.000	ok							
Q1	field_expression/follows/call_expression/stop	small	duckdb	load	1	4.74	0.520	131.000	ok							
Q1	field_expression/follows/call_expression/stop	small	sqlite	query	3	4.74	0.050	6.000	ok	183	183	reference	reference			
Q1	field_expression/follows/call_expression/stop	small	duckdb	query	3	4.74	0.030	72.000	ok	183	183	yes	yes			
Q1	field_expression/follows/call_expression/field	small	ryii	store	1	4.74	1.890	116.000	ok							
Q1	field_expression/follows/call_expression/field	small	duckdb	load	1	4.74	0.530	140.000	ok							
Q1	field_expression/follows/call_expression/field	small	sqlite	query	3	4.74	0.050	6.000	ok	0	0	reference	reference			
Q1	field_expression/follows/call_expression/field	small	duckdb	query	3	4.74	0.020	59.000	ok	0	0	yes	yes			
Q1	field_expression/follows/call_expression/not	small	ryii	store	1	4.74	1.980	154.000	ok							
Q1	field_expression/follows/call_expression/not	small	duckdb	load	1	4.92	0.520	139.000	ok							
Q1	field_expression/follows/call_expression/not	small	sqlite	query	3	4.92	0.090	21.000	ok	40247	40247	reference	reference			
Q1	field_expression/follows/call_expression/not	small	duckdb	query	3	4.92	0.050	103.000	ok	40247	40247	yes	yes			
Q1	field_expression/nth-child/1	small	ryii	store	1	4.92	1.840	161.000	ok							
Q1	field_expression/nth-child/1	small	duckdb	load	1	4.92	0.520	139.000	ok							
Q1	field_expression/nth-child/1	small	sqlite	query	3	4.92	0.080	20.000	ok	38275	38275	reference	reference			
Q1	field_expression/nth-child/1	small	duckdb	query	3	5.01	0.100	225.000	ok	38275	38275	yes	yes			
Q1	field_expression/nth-child/1/of	small	ryii	store	1	5.01	1.970	154.000	ok							
Q1	field_expression/nth-child/1/of	small	duckdb	load	1	5.01	0.530	131.000	ok							
Q1	field_expression/nth-child/1/of	small	sqlite	query	3	5.01	0.100	21.000	ok	39897	39897	reference	reference			
Q1	field_expression/nth-child/1/of	small	duckdb	query	3	5.01	0.110	214.000	ok	39897	39897	yes	yes			
Q1	field_expression/nth-child/2	small	ryii	store	1	5.01	1.850	121.000	ok							
Q1	field_expression/nth-child/2	small	duckdb	load	1	5.25	0.530	133.000	ok							
Q1	field_expression/nth-child/2	small	sqlite	query	3	5.25	0.050	7.000	ok	1906	1906	reference	reference			
Q1	field_expression/nth-child/2	small	duckdb	query	3	5.25	0.110	209.000	ok	1906	1906	yes	yes			
Q1	field_expression/nth-child/2/of	small	ryii	store	1	5.25	1.880	124.000	ok							
Q1	field_expression/nth-child/2/of	small	duckdb	load	1	5.25	0.530	142.000	ok							
Q1	field_expression/nth-child/2/of	small	sqlite	query	3	5.25	0.060	6.000	ok	502	502	reference	reference			
Q1	field_expression/nth-child/2/of	small	duckdb	query	3	5.39	0.070	188.000	ok	502	502	yes	yes			
Q1	field_expression/nth-child/3	small	ryii	store	1	5.39	1.730	117.000	ok							
Q1	field_expression/nth-child/3	small	duckdb	load	1	5.39	0.550	129.000	ok							
Q1	field_expression/nth-child/3	small	sqlite	query	3	5.39	0.050	6.000	ok	158	158	reference	reference			
Q1	field_expression/nth-child/3	small	duckdb	query	3	5.39	0.080	206.000	ok	158	158	yes	yes			
Q1	field_expression/nth-child/3/of	small	ryii	store	1	5.39	1.880	108.000	ok							
Q1	field_expression/nth-child/3/of	small	duckdb	load	1	5.36	0.530	131.000	ok							
Q1	field_expression/nth-child/3/of	small	sqlite	query	3	5.36	0.070	6.000	ok	24	24	reference	reference			
Q1	field_expression/nth-child/3/of	small	duckdb	query	3	5.36	0.070	196.000	ok	24	24	yes	yes			
Q1	call_expression/has/closure_expression/default	crates	ryii	store	1	5.49	6.550	200.000	ok							
Q1	call_expression/has/closure_expression/default	crates	duckdb	load	1	5.29	1.670	201.000	ok							
Q1	call_expression/has/closure_expression/default	crates	sqlite	query	3	5.29	0.180	17.000	ok	15233	15233	reference	reference			
Q1	call_expression/has/closure_expression/default	crates	duckdb	query	3	5.29	0.060	131.000	ok	15233	15233	yes	yes			
Q1	call_expression/has/closure_expression/neighbor	crates	ryii	store	1	5.29	9.130	181.000	ok							
Q1	call_expression/has/closure_expression/neighbor	crates	duckdb	load	1	5.08	1.720	225.000	ok							
Q1	call_expression/has/closure_expression/neighbor	crates	sqlite	query	3	4.92	3.450	6.000	ok	0	0	reference	reference			
Q1	call_expression/has/closure_expression/neighbor	crates	duckdb	query	3	4.92	0.040	92.000	ok	0	0	yes	yes			
Q1	call_expression/has/closure_expression/stop	crates	ryii	store	1	4.92	7.060	227.000	ok							
Q1	call_expression/has/closure_expression/stop	crates	duckdb	load	1	5.17	1.630	255.000	ok							
Q1	call_expression/has/closure_expression/stop	crates	sqlite	query	3	5.17	0.190	17.000	ok	15222	15222	reference	reference			
Q1	call_expression/has/closure_expression/stop	crates	duckdb	query	3	5.17	0.070	144.000	ok	15222	15222	yes	yes			
Q1	call_expression/has/closure_expression/field	crates	ryii	store	1	5.17	7.200	217.000	ok							
Q1	call_expression/has/closure_expression/field	crates	duckdb	load	1	4.91	1.670	214.000	ok							
Q1	call_expression/has/closure_expression/field	crates	sqlite	query	3	4.91	0.170	6.000	ok	0	0	reference	reference			
Q1	call_expression/has/closure_expression/field	crates	duckdb	query	3	4.91	0.100	297.000	ok	0	0	yes	yes			
Q1	call_expression/has/closure_expression/not	crates	ryii	store	1	4.91	6.890	304.000	ok							
Q1	call_expression/has/closure_expression/not	crates	duckdb	load	1	4.93	1.610	225.000	ok							
Q1	call_expression/has/closure_expression/not	crates	sqlite	query	3	4.93	0.300	53.000	ok	117036	117036	reference	reference			
Q1	call_expression/has/closure_expression/not	crates	duckdb	query	3	4.93	0.100	189.000	ok	117036	117036	yes	yes			
Q1	call_expression/has-ancestor/closure_expression/default	crates	ryii	store	1	4.93	7.850	233.000	ok							
Q1	call_expression/has-ancestor/closure_expression/default	crates	duckdb	load	1	4.96	1.610	204.000	ok							
Q1	call_expression/has-ancestor/closure_expression/default	crates	sqlite	query	3	4.96	1.740	14.000	ok	18932	18932	reference	reference			
Q1	call_expression/has-ancestor/closure_expression/default	crates	duckdb	query	3	4.88	0.060	124.000	ok	18932	18932	yes	yes			
Q1	call_expression/has-ancestor/closure_expression/neighbor	crates	ryii	store	1	4.73	6.520	188.000	ok							
Q1	call_expression/has-ancestor/closure_expression/neighbor	crates	duckdb	load	1	4.59	1.610	239.000	ok							
Q1	call_expression/has-ancestor/closure_expression/neighbor	crates	sqlite	query	3	4.59	0.160	8.000	ok	4267	4267	reference	reference			
Q1	call_expression/has-ancestor/closure_expression/neighbor	crates	duckdb	query	3	4.78	0.060	111.000	ok	4267	4267	yes	yes			
Q1	call_expression/has-ancestor/closure_expression/stop	crates	ryii	store	1	4.78	8.160	198.000	ok							
Q1	call_expression/has-ancestor/closure_expression/stop	crates	duckdb	load	1	4.64	1.610	243.000	ok							
Q1	call_expression/has-ancestor/closure_expression/stop	crates	sqlite	query	3	4.59	1.770	10.000	ok	9019	9019	reference	reference			
Q1	call_expression/has-ancestor/closure_expression/stop	crates	duckdb	query	3	4.62	0.060	136.000	ok	9019	9019	yes	yes			
Q1	call_expression/has-ancestor/closure_expression/field	crates	ryii	store	1	4.62	14.310	228.000	ok							
Q1	call_expression/has-ancestor/closure_expression/field	crates	duckdb	load	1	4.84	1.760	235.000	ok							
Q1	call_expression/has-ancestor/closure_expression/field	crates	sqlite	query	3	4.84	8.780	13.000	ok	18932	18932	reference	reference			
Q1	call_expression/has-ancestor/closure_expression/field	crates	duckdb	query	3	5.35	0.080	144.000	ok	18932	18932	yes	yes			
Q1	call_expression/has-ancestor/closure_expression/not	crates	ryii	store	1	5.17	7.790	273.000	ok							
Q1	call_expression/has-ancestor/closure_expression/not	crates	duckdb	load	1	5.13	1.520	220.000	ok							
Q1	call_expression/has-ancestor/closure_expression/not	crates	sqlite	query	3	5.13	1.720	54.000	ok	113337	113337	reference	reference			
Q1	call_expression/has-ancestor/closure_expression/not	crates	duckdb	query	3	5.28	0.100	186.000	ok	113337	113337	yes	yes			
Q1	call_expression/has-parent/closure_expression/default	crates	ryii	store	1	5.10	6.630	176.000	ok							
Q1	call_expression/has-parent/closure_expression/default	crates	duckdb	load	1	5.09	1.650	222.000	ok							
Q1	call_expression/has-parent/closure_expression/default	crates	sqlite	query	3	5.24	0.170	8.000	ok	4267	4267	reference	reference			
Q1	call_expression/has-parent/closure_expression/default	crates	duckdb	query	3	5.24	0.040	113.000	ok	4267	4267	yes	yes			
Q1	call_expression/has-parent/closure_expression/field	crates	ryii	store	1	5.24	6.540	203.000	ok							
Q1	call_expression/has-parent/closure_expression/field	crates	duckdb	load	1	5.22	1.580	243.000	ok							
Q1	call_expression/has-parent/closure_expression/field	crates	sqlite	query	3	5.22	0.130	8.000	ok	4267	4267	reference	reference			
Q1	call_expression/has-parent/closure_expression/field	crates	duckdb	query	3	5.13	0.040	119.000	ok	4267	4267	yes	yes			
Q1	call_expression/has-parent/closure_expression/not	crates	ryii	store	1	5.13	6.800	330.000	ok							
Q1	call_expression/has-parent/closure_expression/not	crates	duckdb	load	1	5.04	1.680	221.000	ok							
Q1	call_expression/has-parent/closure_expression/not	crates	sqlite	query	3	5.04	0.300	60.000	ok	128002	128002	reference	reference			
Q1	call_expression/has-parent/closure_expression/not	crates	duckdb	query	3	5.04	0.090	200.000	ok	128002	128002	yes	yes			
Q1	call_expression/precedes/closure_expression/default	crates	ryii	store	1	4.95	6.180	227.000	ok							
Q1	call_expression/precedes/closure_expression/default	crates	duckdb	load	1	4.96	1.550	246.000	ok							
Q1	call_expression/precedes/closure_expression/default	crates	sqlite	query	3	4.96	0.180	6.000	ok	102	102	reference	reference			
Q1	call_expression/precedes/closure_expression/default	crates	duckdb	query	3	4.96	0.040	119.000	ok	102	102	yes	yes			
Q1	call_expression/precedes/closure_expression/neighbor	crates	ryii	store	1	4.96	7.420	230.000	ok							
Q1	call_expression/precedes/closure_expression/neighbor	crates	duckdb	load	1	4.96	1.520	253.000	ok							
Q1	call_expression/precedes/closure_expression/neighbor	crates	sqlite	query	3	4.96	1.750	6.000	ok	85	85	reference	reference			
Q1	call_expression/precedes/closure_expression/neighbor	crates	duckdb	query	3	4.88	0.050	116.000	ok	85	85	yes	yes			
Q1	call_expression/precedes/closure_expression/stop	crates	ryii	store	1	4.81	6.930	211.000	ok							
Q1	call_expression/precedes/closure_expression/stop	crates	duckdb	load	1	4.74	1.620	236.000	ok							
Q1	call_expression/precedes/closure_expression/stop	crates	sqlite	query	3	4.74	0.210	6.000	ok	102	102	reference	reference			
Q1	call_expression/precedes/closure_expression/stop	crates	duckdb	query	3	4.74	0.050	122.000	ok	102	102	yes	yes			
Q1	call_expression/precedes/closure_expression/field	crates	ryii	store	1	4.84	6.910	230.000	ok							
Q1	call_expression/precedes/closure_expression/field	crates	duckdb	load	1	4.86	1.560	247.000	ok							
Q1	call_expression/precedes/closure_expression/field	crates	sqlite	query	3	4.86	0.180	6.000	ok	0	0	reference	reference			
Q1	call_expression/precedes/closure_expression/field	crates	duckdb	query	3	4.86	0.030	108.000	ok	0	0	yes	yes			
Q1	call_expression/precedes/closure_expression/not	crates	ryii	store	1	4.86	7.240	235.000	ok							
Q1	call_expression/precedes/closure_expression/not	crates	duckdb	load	1	4.81	1.720	244.000	ok							
Q1	call_expression/precedes/closure_expression/not	crates	sqlite	query	3	4.81	0.370	61.000	ok	132167	132167	reference	reference			
Q1	call_expression/precedes/closure_expression/not	crates	duckdb	query	3	5.79	0.110	217.000	ok	132167	132167	yes	yes			
Q1	call_expression/follows/closure_expression/default	crates	ryii	store	1	5.79	6.310	187.000	ok							
Q1	call_expression/follows/closure_expression/default	crates	duckdb	load	1	5.88	1.530	240.000	ok							
Q1	call_expression/follows/closure_expression/default	crates	sqlite	query	3	5.88	0.190	6.000	ok	21	21	reference	reference			
Q1	call_expression/follows/closure_expression/default	crates	duckdb	query	3	5.88	0.040	114.000	ok	21	21	yes	yes			
Q1	call_expression/follows/closure_expression/neighbor	crates	ryii	store	1	5.81	7.640	226.000	ok							
Q1	call_expression/follows/closure_expression/neighbor	crates	duckdb	load	1	5.99	1.540	260.000	ok							
Q1	call_expression/follows/closure_expression/neighbor	crates	sqlite	query	3	5.99	1.820	6.000	ok	20	20	reference	reference			
Q1	call_expression/follows/closure_expression/neighbor	crates	duckdb	query	3	5.75	0.040	112.000	ok	20	20	yes	yes			
Q1	call_expression/follows/closure_expression/stop	crates	ryii	store	1	5.53	6.730	225.000	ok							
Q1	call_expression/follows/closure_expression/stop	crates	duckdb	load	1	5.49	1.620	208.000	ok							
Q1	call_expression/follows/closure_expression/stop	crates	sqlite	query	3	5.53	0.270	7.000	ok	21	21	reference	reference			
Q1	call_expression/follows/closure_expression/stop	crates	duckdb	query	3	5.53	0.050	118.000	ok	21	21	yes	yes			
Q1	call_expression/follows/closure_expression/field	crates	ryii	store	1	5.53	6.650	189.000	ok							
Q1	call_expression/follows/closure_expression/field	crates	duckdb	load	1	5.64	1.690	205.000	ok							
Q1	call_expression/follows/closure_expression/field	crates	sqlite	query	3	5.64	0.200	6.000	ok	0	0	reference	reference			
Q1	call_expression/follows/closure_expression/field	crates	duckdb	query	3	6.31	0.030	112.000	ok	0	0	yes	yes			
Q1	call_expression/follows/closure_expression/not	crates	ryii	store	1	6.31	7.210	261.000	ok							
Q1	call_expression/follows/closure_expression/not	crates	duckdb	load	1	6.21	1.720	203.000	ok							
Q1	call_expression/follows/closure_expression/not	crates	sqlite	query	3	6.11	0.350	61.000	ok	132248	132248	reference	reference			
Q1	call_expression/follows/closure_expression/not	crates	duckdb	query	3	6.11	0.110	213.000	ok	132248	132248	yes	yes			
Q1	call_expression/nth-child/1	crates	ryii	store	1	6.11	6.450	277.000	ok							
Q1	call_expression/nth-child/1	crates	duckdb	load	1	6.26	1.580	246.000	ok							
Q1	call_expression/nth-child/1	crates	sqlite	query	3	6.00	0.260	42.000	ok	82268	82268	reference	reference			
Q1	call_expression/nth-child/1	crates	duckdb	query	3	6.00	0.230	527.000	ok	82268	82268	yes	yes			
Q1	call_expression/nth-child/1/of	crates	ryii	store	1	6.00	7.010	320.000	ok							
Q1	call_expression/nth-child/1/of	crates	duckdb	load	1	5.76	1.640	218.000	ok							
Q1	call_expression/nth-child/1/of	crates	sqlite	query	3	5.70	0.400	61.000	ok	129045	129045	reference	reference			
Q1	call_expression/nth-child/1/of	crates	duckdb	query	3	5.70	0.290	676.000	ok	129045	129045	yes	yes			
Q1	call_expression/nth-child/2	crates	ryii	store	1	5.70	6.240	271.000	ok							
Q1	call_expression/nth-child/2	crates	duckdb	load	1	5.89	1.590	224.000	ok							
Q1	call_expression/nth-child/2	crates	sqlite	query	3	5.89	0.210	22.000	ok	39562	39562	reference	reference			
Q1	call_expression/nth-child/2	crates	duckdb	query	3	5.89	0.240	514.000	ok	39562	39562	yes	yes			
Q1	call_expression/nth-child/2/of	crates	ryii	store	1	5.89	6.750	227.000	ok							
Q1	call_expression/nth-child/2/of	crates	duckdb	load	1	5.66	1.630	221.000	ok							
Q1	call_expression/nth-child/2/of	crates	sqlite	query	3	5.66	0.250	7.000	ok	2619	2619	reference	reference			
Q1	call_expression/nth-child/2/of	crates	duckdb	query	3	5.66	0.230	642.000	ok	2619	2619	yes	yes			
Q1	call_expression/nth-child/3	crates	ryii	store	1	6.32	6.200	234.000	ok							
Q1	call_expression/nth-child/3	crates	duckdb	load	1	6.30	1.560	214.000	ok							
Q1	call_expression/nth-child/3	crates	sqlite	query	3	6.30	0.170	9.000	ok	6733	6733	reference	reference			
Q1	call_expression/nth-child/3	crates	duckdb	query	3	6.30	0.220	512.000	ok	6733	6733	yes	yes			
Q1	call_expression/nth-child/3/of	crates	ryii	store	1	6.30	6.760	223.000	ok							
Q1	call_expression/nth-child/3/of	crates	duckdb	load	1	6.10	1.700	212.000	ok							
Q1	call_expression/nth-child/3/of	crates	sqlite	query	3	6.10	0.240	6.000	ok	339	339	reference	reference			
Q1	call_expression/nth-child/3/of	crates	duckdb	query	3	6.10	0.200	657.000	ok	339	339	yes	yes			
Q1	identifier/has/function_item/default	crates	ryii	store	1	6.42	7.530	236.000	ok							
Q1	identifier/has/function_item/default	crates	duckdb	load	1	6.30	1.820	237.000	ok							
Q1	identifier/has/function_item/default	crates	sqlite	query	3	6.30	0.510	6.000	ok	0	0	reference	reference			
Q1	identifier/has/function_item/default	crates	duckdb	query	3	6.20	0.090	176.000	ok	0	0	yes	yes			
Q1	identifier/has/function_item/neighbor	crates	ryii	store	1	6.20	17.760	227.000	ok							
Q1	identifier/has/function_item/neighbor	crates	duckdb	load	1	5.93	1.700	206.000	ok							
Q1	identifier/has/function_item/neighbor	crates	sqlite	query	1	5.77	12.130	5.000	ok	0	0	reference	reference			
Q1	identifier/has/function_item/neighbor	crates	duckdb	query	3	5.50	0.050	158.000	ok	0	0	yes	yes			
Q1	identifier/has/function_item/stop	crates	ryii	store	1	5.39	7.470	224.000	ok							
Q1	identifier/has/function_item/stop	crates	duckdb	load	1	5.36	1.700	255.000	ok							
Q1	identifier/has/function_item/stop	crates	sqlite	query	3	5.36	0.510	6.000	ok	0	0	reference	reference			
Q1	identifier/has/function_item/stop	crates	duckdb	query	3	5.33	0.090	177.000	ok	0	0	yes	yes			
Q1	identifier/has/function_item/field	crates	ryii	store	1	5.33	7.110	237.000	ok							
Q1	identifier/has/function_item/field	crates	duckdb	load	1	5.46	1.660	247.000	ok							
Q1	identifier/has/function_item/field	crates	sqlite	query	3	5.34	0.510	5.000	ok	0	0	reference	reference			
Q1	identifier/has/function_item/field	crates	duckdb	query	3	5.34	0.070	365.000	ok	0	0	yes	yes			
Q1	identifier/has/function_item/not	crates	ryii	store	1	5.34	7.970	519.000	ok							
Q1	identifier/has/function_item/not	crates	duckdb	load	1	5.14	1.710	291.000	ok							
Q1	identifier/has/function_item/not	crates	sqlite	query	3	5.14	0.880	140.000	ok	442780	442780	reference	reference			
Q1	identifier/has/function_item/not	crates	duckdb	query	3	5.93	0.150	400.000	ok	442780	442780	yes	yes			
Q1	identifier/has-ancestor/function_item/default	crates	ryii	store	1	5.93	12.340	505.000	ok							
Q1	identifier/has-ancestor/function_item/default	crates	duckdb	load	1	5.36	1.750	219.000	ok							
Q1	identifier/has-ancestor/function_item/default	crates	sqlite	query	3	5.36	5.660	127.000	ok	398559	398559	reference	reference			
Q1	identifier/has-ancestor/function_item/default	crates	duckdb	query	3	5.64	0.140	366.000	ok	398559	398559	yes	yes			
Q1	identifier/has-ancestor/function_item/neighbor	crates	ryii	store	1	5.45	7.130	243.000	ok							
Q1	identifier/has-ancestor/function_item/neighbor	crates	duckdb	load	1	5.26	1.680	247.000	ok							
Q1	identifier/has-ancestor/function_item/neighbor	crates	sqlite	query	3	5.26	0.500	10.000	ok	13498	13498	reference	reference			
Q1	identifier/has-ancestor/function_item/neighbor	crates	duckdb	query	3	5.16	0.070	178.000	ok	13498	13498	yes	yes			
Q1	identifier/has-ancestor/function_item/stop	crates	ryii	store	1	5.16	11.640	240.000	ok							
Q1	identifier/has-ancestor/function_item/stop	crates	duckdb	load	1	5.14	1.840	224.000	ok							
Q1	identifier/has-ancestor/function_item/stop	crates	sqlite	query	3	5.37	5.700	17.000	ok	35911	35911	reference	reference			
Q1	identifier/has-ancestor/function_item/stop	crates	duckdb	query	3	5.00	0.160	255.000	ok	35911	35911	yes	yes			
Q1	identifier/has-ancestor/function_item/field	crates	ryii	store	1	4.92	156.170	459.000	ok							
Q1	identifier/has-ancestor/function_item/field	crates	duckdb	load	1	4.63	1.810	250.000	ok							
Q1	identifier/has-ancestor/function_item/field	crates	sqlite	query	1	4.63	170.840	115.000	ok	362782	362782	reference	reference			
Q1	identifier/has-ancestor/function_item/field	crates	duckdb	query	3	5.02	0.200	379.000	ok	362782	362782	yes	yes			
Q1	identifier/has-ancestor/function_item/not	crates	ryii	store	1	5.82	11.480	199.000	ok							
Q1	identifier/has-ancestor/function_item/not	crates	duckdb	load	1	5.95	1.880	217.000	ok							
Q1	identifier/has-ancestor/function_item/not	crates	sqlite	query	3	5.95	5.480	19.000	ok	44221	44221	reference	reference			
Q1	identifier/has-ancestor/function_item/not	crates	duckdb	query	3	6.91	0.100	192.000	ok	44221	44221	yes	yes			
Q1	identifier/has-parent/function_item/default	crates	ryii	store	1	6.92	7.260	197.000	ok							
Q1	identifier/has-parent/function_item/default	crates	duckdb	load	1	6.84	1.700	311.000	ok							
Q1	identifier/has-parent/function_item/default	crates	sqlite	query	3	6.69	0.500	11.000	ok	13498	13498	reference	reference			
Q1	identifier/has-parent/function_item/default	crates	duckdb	query	3	6.69	0.070	179.000	ok	13498	13498	yes	yes			
Q1	identifier/has-parent/function_item/field	crates	ryii	store	1	6.69	6.900	234.000	ok							
Q1	identifier/has-parent/function_item/field	crates	duckdb	load	1	6.48	1.670	312.000	ok							
Q1	identifier/has-parent/function_item/field	crates	sqlite	query	3	7.64	0.380	6.000	ok	0	0	reference	reference			
Q1	identifier/has-parent/function_item/field	crates	duckdb	query	3	7.64	0.050	172.000	ok	0	0	yes	yes			
Q1	identifier/has-parent/function_item/not	crates	ryii	store	1	7.64	8.040	496.000	ok							
Q1	identifier/has-parent/function_item/not	crates	duckdb	load	1	7.00	1.750	203.000	ok							
Q1	identifier/has-parent/function_item/not	crates	sqlite	query	3	7.00	0.890	136.000	ok	429282	429282	reference	reference			
Q1	identifier/has-parent/function_item/not	crates	duckdb	query	3	6.68	0.140	395.000	ok	429282	429282	yes	yes			
Q1	identifier/precedes/function_item/default	crates	ryii	store	1	6.68	7.400	178.000	ok							
Q1	identifier/precedes/function_item/default	crates	duckdb	load	1	6.50	1.760	283.000	ok							
Q1	identifier/precedes/function_item/default	crates	sqlite	query	3	6.50	0.700	6.000	ok	0	0	reference	reference			
Q1	identifier/precedes/function_item/default	crates	duckdb	query	3	6.50	0.070	188.000	ok	0	0	yes	yes			
Q1	identifier/precedes/function_item/neighbor	crates	ryii	store	1	6.22	12.220	202.000	ok							
Q1	identifier/precedes/function_item/neighbor	crates	duckdb	load	1	6.11	1.750	290.000	ok							
Q1	identifier/precedes/function_item/neighbor	crates	sqlite	query	3	6.11	6.050	6.000	ok	0	0	reference	reference			
Q1	identifier/precedes/function_item/neighbor	crates	duckdb	query	3	5.43	0.070	190.000	ok	0	0	yes	yes			
Q1	identifier/precedes/function_item/stop	crates	ryii	store	1	5.48	8.920	171.000	ok							
Q1	identifier/precedes/function_item/stop	crates	duckdb	load	1	5.32	1.890	246.000	ok							
Q1	identifier/precedes/function_item/stop	crates	sqlite	query	3	5.46	1.590	6.000	ok	0	0	reference	reference			
Q1	identifier/precedes/function_item/stop	crates	duckdb	query	3	5.46	0.080	187.000	ok	0	0	yes	yes			
W1	write	small	sqlite	process	3	6.69	1.310	317.000	ok	1142395				write_s	0.798	
W1	write	small	sqlite	process	3	6.69	1.310	317.000	ok	1142395				index_or_checkpoint_s	0.313	
W1	write	small	sqlite	process	3	6.69	1.310	317.000	ok	1142395				rows_per_s	1432018.000	
W1	write	small	sqlite	process						1115506	1115506	yes		file_bytes	59572224	
W1	write	small	duckdb	process	3	6.69	1.190	415.000	ok	1142395				write_s	0.662	
W1	write	small	duckdb	process	3	6.69	1.190	415.000	ok	1142395				index_or_checkpoint_s	0.020	
W1	write	small	duckdb	process	3	6.69	1.190	415.000	ok	1142395				rows_per_s	1726594.000	
W1	write	small	duckdb	process						1115506	1115506	yes		file_bytes	18624512	
W1	write	small	duckdb_pk	process	3	7.20	1.600	427.000	ok	1142395				write_s	1.086	
W1	write	small	duckdb_pk	process	3	7.20	1.600	427.000	ok	1142395				index_or_checkpoint_s	0.000	
W1	write	small	duckdb_pk	process	3	7.20	1.600	427.000	ok	1142395				rows_per_s	1051733.000	
W1	write	small	duckdb_pk	process						1115506	1115506	yes		file_bytes	39596032	
W1	write	crates	sqlite	process	3	6.79	4.490	797.000	ok	3800162				write_s	2.809	
W1	write	crates	sqlite	process	3	6.79	4.490	797.000	ok	3800162				index_or_checkpoint_s	1.115	
W1	write	crates	sqlite	process	3	6.79	4.490	797.000	ok	3800162				rows_per_s	1352836.000	
W1	write	crates	sqlite	process						3721638	3721638	yes		file_bytes	199163904	
W1	write	crates	duckdb	process	3	7.19	3.880	847.000	ok	3800162				write_s	2.192	
W1	write	crates	duckdb	process	3	7.19	3.880	847.000	ok	3800162				index_or_checkpoint_s	0.025	
W1	write	crates	duckdb	process	3	7.19	3.880	847.000	ok	3800162				rows_per_s	1733376.000	
W1	write	crates	duckdb	process						3721638	3721638	yes		file_bytes	57946112	
W1	write	crates	duckdb_pk	process	3	7.40	5.360	920.000	ok	3800162				write_s	3.664	
W1	write	crates	duckdb_pk	process	3	7.40	5.360	920.000	ok	3800162				index_or_checkpoint_s	0.021	
W1	write	crates	duckdb_pk	process	3	7.40	5.360	920.000	ok	3800162				rows_per_s	1037168.000	
W1	write	crates	duckdb_pk	process						3721638	3721638	yes		file_bytes	119025664	
C1	ancestor	crates	duckdb	iteration1	3	6.24	0.087		ok							in-process statement time; iteration1 = first query after process start
C1	ancestor	crates	duckdb	iteration2	3	6.24	0.072		ok							in-process statement time; iteration1 = first query after process start
C1	ancestor	crates	duckdb	iteration3	3	6.24	0.067		ok							in-process statement time; iteration1 = first query after process start
C1	ancestor	crates	duckdb	iteration4	3	6.24	0.076		ok							in-process statement time; iteration1 = first query after process start
C1	ancestor	crates	duckdb	iteration5	3	6.24	0.071		ok							in-process statement time; iteration1 = first query after process start
C1	ancestor	small	duckdb	iteration1	3	6.44	0.036		ok							in-process statement time; iteration1 = first query after process start
C1	ancestor	small	duckdb	iteration2	3	6.44	0.031		ok							in-process statement time; iteration1 = first query after process start
C1	ancestor	small	duckdb	iteration3	3	6.44	0.031		ok							in-process statement time; iteration1 = first query after process start
C1	ancestor	small	duckdb	iteration4	3	6.44	0.032		ok							in-process statement time; iteration1 = first query after process start
C1	ancestor	small	duckdb	iteration5	3	6.44	0.030		ok							in-process statement time; iteration1 = first query after process start
C1	ancestor	crates	sqlite	iteration1	3	6.24	2.014		ok							in-process statement time; iteration1 = first query after process start
C1	ancestor	crates	sqlite	iteration2	3	6.24	2.001		ok							in-process statement time; iteration1 = first query after process start
C1	ancestor	crates	sqlite	iteration3	3	6.24	1.949		ok							in-process statement time; iteration1 = first query after process start
C1	ancestor	crates	sqlite	iteration4	3	6.24	1.872		ok							in-process statement time; iteration1 = first query after process start
C1	ancestor	crates	sqlite	iteration5	3	6.24	1.918		ok							in-process statement time; iteration1 = first query after process start
C1	ancestor	small	sqlite	iteration1	3	6.44	0.443		ok							in-process statement time; iteration1 = first query after process start
C1	ancestor	small	sqlite	iteration2	3	6.44	0.442		ok							in-process statement time; iteration1 = first query after process start
C1	ancestor	small	sqlite	iteration3	3	6.44	0.481		ok							in-process statement time; iteration1 = first query after process start
C1	ancestor	small	sqlite	iteration4	3	6.44	0.452		ok							in-process statement time; iteration1 = first query after process start
C1	ancestor	small	sqlite	iteration5	3	6.44	0.458		ok							in-process statement time; iteration1 = first query after process start
X1	append	synthetic	sqlite	sqlite		6.86			ok					writer_wall_s	4.82	
X1	append	synthetic	sqlite	sqlite		6.86			ok					writer_exit	0	
X1	append	synthetic	sqlite	sqlite		6.86			ok					writer_batches_ok	200	
X1	append	synthetic	sqlite	sqlite		6.86			ok					writer_batches_error	0	
X1	append	synthetic	sqlite	sqlite		6.86			ok					writer_open_retries	0	
X1	append	synthetic	sqlite	sqlite		6.86			ok					final_count	200000	
X1	append	synthetic	sqlite	sqlite		6.86			ok					reader_queries	1212	
X1	append	synthetic	sqlite	sqlite		6.86			ok					reader_queries_ok	1212	
X1	append	synthetic	sqlite	sqlite		6.86			ok					reader_queries_error	0	
X1	append	synthetic	sqlite	sqlite		6.86			ok					reader_inconsistent	0	
X1	append	synthetic	sqlite	sqlite		6.86			ok					reader_latency_median_s	0.007	
X1	append	synthetic	sqlite	sqlite		6.86			ok					reader_latency_max_s	0.019	
X1	append	synthetic	sqlite	sqlite		6.86			ok					reader_distinct_counts_seen	201	
X1	append	synthetic	duckdb	duckdb		6.79			ok					writer_wall_s	4.98	
X1	append	synthetic	duckdb	duckdb		6.79			ok					writer_exit	0	
X1	append	synthetic	duckdb	duckdb		6.79			ok					writer_batches_ok	200	
X1	append	synthetic	duckdb	duckdb		6.79			ok					writer_batches_error	0	
X1	append	synthetic	duckdb	duckdb		6.79			ok					writer_open_retries	0	
X1	append	synthetic	duckdb	duckdb		6.79			ok					final_count	200000	
X1	append	synthetic	duckdb	duckdb		6.79			ok					reader_queries	1159	
X1	append	synthetic	duckdb	duckdb		6.79			ok					reader_queries_ok	8	
X1	append	synthetic	duckdb	duckdb		6.79			ok					reader_queries_error	1151	
X1	append	synthetic	duckdb	duckdb		6.79			ok					reader_inconsistent	0	
X1	append	synthetic	duckdb	duckdb		6.79			ok					reader_latency_median_s	0.008	
X1	append	synthetic	duckdb	duckdb		6.79			ok					reader_latency_max_s	0.021	
X1	append	synthetic	duckdb	duckdb		6.79			ok					reader_distinct_counts_seen	2	
X1	append	synthetic	duckdb	duckdb					error					reader_error	1151	IO Error: Could not set lock on file "/Users/chrishafley/projects/hafley-rs/.boo
X1	append	synthetic	duckdb	duckdb_reopen		6.65			ok					writer_wall_s	8.05	
X1	append	synthetic	duckdb	duckdb_reopen		6.65			ok					writer_exit	0	
X1	append	synthetic	duckdb	duckdb_reopen		6.65			ok					writer_batches_ok	200	
X1	append	synthetic	duckdb	duckdb_reopen		6.65			ok					writer_batches_error	0	
X1	append	synthetic	duckdb	duckdb_reopen		6.65			ok					writer_open_retries	230	
X1	append	synthetic	duckdb	duckdb_reopen		6.65			ok					final_count	200000	
X1	append	synthetic	duckdb	duckdb_reopen		6.65			ok					reader_queries	1687	
X1	append	synthetic	duckdb	duckdb_reopen		6.65			ok					reader_queries_ok	329	
X1	append	synthetic	duckdb	duckdb_reopen		6.65			ok					reader_queries_error	1358	
X1	append	synthetic	duckdb	duckdb_reopen		6.65			ok					reader_inconsistent	0	
X1	append	synthetic	duckdb	duckdb_reopen		6.65			ok					reader_latency_median_s	0.008	
X1	append	synthetic	duckdb	duckdb_reopen		6.65			ok					reader_latency_max_s	0.019	
X1	append	synthetic	duckdb	duckdb_reopen		6.65			ok					reader_distinct_counts_seen	85	
X1	append	synthetic	duckdb	duckdb_reopen					error					reader_error	1358	IO Error: Could not set lock on file "/Users/chrishafley/projects/hafley-rs/.boo
S1	ancestor	small	ryii	ryii_store_as_written					ok					bytes	69533696	
S1	ancestor	small	sqlite	sqlite_ryii_writer_with_indexes					ok					bytes	59572224	
S1	ancestor	small	sqlite	sqlite_vacuum_with_indexes					ok					bytes	54722560	
S1	ancestor	small	sqlite	sqlite_vacuum_tables_only					ok					bytes	39387136	
S1	ancestor	small	sqlite	sqlite_vacuum_tables_only_page4096					ok					bytes	39170048	
S1	ancestor	small	duckdb	duckdb_ctas_copy					ok					bytes	17838080	
S1	ancestor	small	duckdb	duckdb_appender					ok					bytes	18624512	
S1	ancestor	small	duckdb	duckdb_appender_primary_keys					ok					bytes	39596032	
S1	ancestor	small	parquet	parquet_snappy					ok					bytes	19721115	
S1	ancestor	crates	ryii	ryii_store_as_written					ok					bytes	220463104	
S1	ancestor	crates	sqlite	sqlite_ryii_writer_with_indexes					ok					bytes	199163904	
S1	ancestor	crates	sqlite	sqlite_vacuum_with_indexes					ok					bytes	181993472	
S1	ancestor	crates	sqlite	sqlite_vacuum_tables_only					ok					bytes	129892352	
S1	ancestor	crates	sqlite	sqlite_vacuum_tables_only_page4096					ok					bytes	130899968	
S1	ancestor	crates	duckdb	duckdb_ctas_copy					ok					bytes	55324672	
S1	ancestor	crates	duckdb	duckdb_appender					ok					bytes	57946112	
S1	ancestor	crates	duckdb	duckdb_appender_primary_keys					ok					bytes	119025664	
S1	ancestor	crates	parquet	parquet_snappy					ok					bytes	61732754	
B1	lab_writer		duckdb	clean	1	7.34	272.500		ok					binary_bytes	42029424	
B1	lab_writer		duckdb	incremental	3	9.71	1.300		ok					binary_bytes	42029424	
B1	lab_writer		none	clean	1	9.33	18.500		ok					binary_bytes	2375536	
B1	lab_writer		none	incremental	3	8.44	0.600		ok					binary_bytes	2375536	
